ISO3,Code,Description,Region,NumberType,IsGeographic
USA,201,"New Jersey - Jersey City, Hackensack",New Jersey,geographic,true
USA,202,District of Columbia - Washington,District of Columbia,geographic,true
USA,203,"Connecticut - Bridgeport, New Haven",Connecticut,geographic,true
USA,205,Alabama - Birmingham,Alabama,geographic,true
USA,206,Washington - Seattle,Washington,geographic,true
USA,207,Maine,Maine,geographic,true
USA,208,Idaho,Idaho,geographic,true
USA,209,"California - Stockton, Modesto",California,geographic,true
USA,210,Texas - San Antonio,Texas,geographic,true
USA,212,New York - Manhattan,New York,geographic,true
USA,213,California - Los Angeles,California,geographic,true
USA,214,Texas - Dallas,Texas,geographic,true
USA,215,Pennsylvania - Philadelphia,Pennsylvania,geographic,true
USA,216,Ohio - Cleveland,Ohio,geographic,true
USA,217,Illinois - Springfield,Illinois,geographic,true
USA,218,Minnesota - Duluth,Minnesota,geographic,true
USA,219,"Indiana - Gary, Hammond",Indiana,geographic,true
USA,220,"Ohio - Newark, Zanesville",Ohio,geographic,true
USA,223,Pennsylvania - Lancaster,Pennsylvania,geographic,true
USA,224,"Illinois - Arlington Heights, Evanston",Illinois,geographic,true
USA,225,Louisiana - Baton Rouge,Louisiana,geographic,true
USA,228,"Mississippi - Gulfport, Biloxi",Mississippi,geographic,true
USA,229,Georgia - Albany,Georgia,geographic,true
USA,231,"Michigan - Muskegon, Traverse City",Michigan,geographic,true
USA,234,"Ohio - Akron, Canton, Youngstown",Ohio,geographic,true
USA,239,"Florida - Fort Myers, Naples",Florida,geographic,true
USA,240,"Maryland - Bethesda, Silver Spring",Maryland,geographic,true
USA,248,"Michigan - Troy, Pontiac",Michigan,geographic,true
USA,251,Alabama - Mobile,Alabama,geographic,true
USA,252,"North Carolina - Greenville, Rocky Mount",North Carolina,geographic,true
USA,253,Washington - Tacoma,Washington,geographic,true
USA,254,"Texas - Waco, Killeen",Texas,geographic,true
USA,256,Alabama - Huntsville,Alabama,geographic,true
USA,260,Indiana - Fort Wayne,Indiana,geographic,true
USA,262,"Wisconsin - Racine, Kenosha",Wisconsin,geographic,true
USA,267,Pennsylvania - Philadelphia,Pennsylvania,geographic,true
USA,269,Michigan - Kalamazoo,Michigan,geographic,true
USA,270,"Kentucky - Bowling Green, Owensboro",Kentucky,geographic,true
USA,272,Pennsylvania - Scranton,Pennsylvania,geographic,true
USA,276,Virginia - Bristol,Virginia,geographic,true
USA,279,California - Sacramento,California,geographic,true
USA,281,Texas - Houston,Texas,geographic,true
USA,301,"Maryland - Bethesda, Silver Spring",Maryland,geographic,true
USA,302,Delaware,Delaware,geographic,true
USA,303,"Colorado - Denver, Boulder",Colorado,geographic,true
USA,304,West Virginia,West Virginia,geographic,true
USA,305,Florida - Miami,Florida,geographic,true
USA,307,Wyoming,Wyoming,geographic,true
USA,308,"Nebraska - Grand Island, North Platte",Nebraska,geographic,true
USA,309,Illinois - Peoria,Illinois,geographic,true
USA,310,"California - Beverly Hills, Malibu",California,geographic,true
USA,312,Illinois - Chicago (Downtown),Illinois,geographic,true
USA,313,Michigan - Detroit,Michigan,geographic,true
USA,314,Missouri - St. Louis,Missouri,geographic,true
USA,315,New York - Syracuse,New York,geographic,true
USA,316,Kansas - Wichita,Kansas,geographic,true
USA,317,Indiana - Indianapolis,Indiana,geographic,true
USA,318,Louisiana - Shreveport,Louisiana,geographic,true
USA,319,Iowa - Cedar Rapids,Iowa,geographic,true
USA,320,Minnesota - St. Cloud,Minnesota,geographic,true
USA,321,"Florida - Orlando, Cape Canaveral",Florida,geographic,true
USA,323,California - Los Angeles,California,geographic,true
USA,325,"Texas - Abilene, San Angelo",Texas,geographic,true
USA,330,"Ohio - Akron, Youngstown",Ohio,geographic,true
USA,331,"Illinois - Aurora, Naperville",Illinois,geographic,true
USA,332,New York - New York City,New York,geographic,true
USA,334,Alabama - Montgomery,Alabama,geographic,true
USA,336,"North Carolina - Greensboro, Winston-Salem",North Carolina,geographic,true
USA,337,"Louisiana - Lafayette, Lake Charles",Louisiana,geographic,true
USA,339,"Massachusetts - Lynn, Framingham",Massachusetts,geographic,true
USA,340,US Virgin Islands,US Virgin Islands,geographic,true
USA,346,Texas - Houston,Texas,geographic,true
USA,347,"New York - Brooklyn, Queens, Bronx, Staten Island",New York,geographic,true
USA,351,"Massachusetts - Lowell, Lawrence",Massachusetts,geographic,true
USA,352,"Florida - Gainesville, Ocala",Florida,geographic,true
USA,360,"Washington - Olympia, Bellingham",Washington,geographic,true
USA,361,Texas - Corpus Christi,Texas,geographic,true
USA,364,"Kentucky - Owensboro, Bowling Green",Kentucky,geographic,true
USA,380,Ohio - Columbus,Ohio,geographic,true
USA,385,Utah - Salt Lake City,Utah,geographic,true
USA,386,Florida - Daytona Beach,Florida,geographic,true
USA,401,Rhode Island,Rhode Island,geographic,true
USA,402,"Nebraska - Omaha, Lincoln",Nebraska,geographic,true
USA,404,Georgia - Atlanta,Georgia,geographic,true
USA,405,Oklahoma - Oklahoma City,Oklahoma,geographic,true
USA,406,Montana,Montana,geographic,true
USA,407,Florida - Orlando,Florida,geographic,true
USA,408,California - San Jose,California,geographic,true
USA,409,"Texas - Beaumont, Galveston",Texas,geographic,true
USA,410,Maryland - Baltimore,Maryland,geographic,true
USA,412,Pennsylvania - Pittsburgh,Pennsylvania,geographic,true
USA,413,Massachusetts - Springfield,Massachusetts,geographic,true
USA,414,Wisconsin - Milwaukee,Wisconsin,geographic,true
USA,415,California - San Francisco,California,geographic,true
USA,417,"Missouri - Springfield, Joplin",Missouri,geographic,true
USA,419,Ohio - Toledo,Ohio,geographic,true
USA,423,Tennessee - Chattanooga,Tennessee,geographic,true
USA,424,"California - Beverly Hills, Malibu",California,geographic,true
USA,425,"Washington - Bellevue, Redmond",Washington,geographic,true
USA,430,"Texas - Tyler, Longview",Texas,geographic,true
USA,432,"Texas - Midland, Odessa",Texas,geographic,true
USA,434,"Virginia - Charlottesville, Lynchburg",Virginia,geographic,true
USA,435,"Utah - St. George, Logan",Utah,geographic,true
USA,440,"Ohio - Lorain, Elyria",Ohio,geographic,true
USA,442,"California - Oceanside, Palm Springs",California,geographic,true
USA,443,Maryland - Baltimore,Maryland,geographic,true
USA,458,Oregon - Eugene,Oregon,geographic,true
USA,463,Indiana - Indianapolis,Indiana,geographic,true
USA,469,Texas - Dallas,Texas,geographic,true
USA,470,Georgia - Atlanta,Georgia,geographic,true
USA,475,"Connecticut - Bridgeport, New Haven",Connecticut,geographic,true
USA,478,Georgia - Macon,Georgia,geographic,true
USA,479,"Arkansas - Fort Smith, Fayetteville",Arkansas,geographic,true
USA,480,"Arizona - Mesa, Tempe, Scottsdale",Arizona,geographic,true
USA,484,"Pennsylvania - Allentown, Reading",Pennsylvania,geographic,true
USA,501,"Arkansas - Little Rock, Hot Springs",Arkansas,geographic,true
USA,502,Kentucky - Louisville,Kentucky,geographic,true
USA,503,"Oregon - Portland, Salem",Oregon,geographic,true
USA,504,Louisiana - New Orleans,Louisiana,geographic,true
USA,505,"New Mexico - Albuquerque, Santa Fe",New Mexico,geographic,true
USA,507,Minnesota - Rochester,Minnesota,geographic,true
USA,508,Massachusetts - Worcester,Massachusetts,geographic,true
USA,509,Washington - Spokane,Washington,geographic,true
USA,510,California - Oakland,California,geographic,true
USA,512,Texas - Austin,Texas,geographic,true
USA,513,Ohio - Cincinnati,Ohio,geographic,true
USA,515,Iowa - Des Moines,Iowa,geographic,true
USA,516,New York - Nassau County (Long Island),New York,geographic,true
USA,517,Michigan - Lansing,Michigan,geographic,true
USA,518,New York - Albany,New York,geographic,true
USA,520,Arizona - Tucson,Arizona,geographic,true
USA,530,"California - Redding, Chico",California,geographic,true
USA,531,Nebraska - Omaha,Nebraska,geographic,true
USA,539,Oklahoma - Tulsa,Oklahoma,geographic,true
USA,540,Virginia - Roanoke,Virginia,geographic,true
USA,541,"Oregon - Eugene, Bend",Oregon,geographic,true
USA,551,New Jersey - Jersey City,New Jersey,geographic,true
USA,559,California - Fresno,California,geographic,true
USA,561,"Florida - West Palm Beach, Boca Raton",Florida,geographic,true
USA,562,California - Long Beach,California,geographic,true
USA,563,"Iowa - Davenport, Dubuque",Iowa,geographic,true
USA,564,Washington - Seattle,Washington,geographic,true
USA,567,Ohio - Toledo,Ohio,geographic,true
USA,570,"Pennsylvania - Scranton, Wilkes-Barre",Pennsylvania,geographic,true
USA,571,"Virginia - Arlington, Fairfax",Virginia,geographic,true
USA,573,"Missouri - Columbia, Jefferson City",Missouri,geographic,true
USA,574,"Indiana - South Bend, Elkhart",Indiana,geographic,true
USA,575,New Mexico - Las Cruces,New Mexico,geographic,true
USA,580,"Oklahoma - Lawton, Enid",Oklahoma,geographic,true
USA,585,New York - Rochester,New York,geographic,true
USA,586,"Michigan - Warren, Sterling Heights",Michigan,geographic,true
USA,601,Mississippi - Jackson,Mississippi,geographic,true
USA,602,Arizona - Phoenix,Arizona,geographic,true
USA,603,New Hampshire,New Hampshire,geographic,true
USA,605,South Dakota,South Dakota,geographic,true
USA,606,Kentucky - Ashland,Kentucky,geographic,true
USA,607,New York - Binghamton,New York,geographic,true
USA,608,Wisconsin - Madison,Wisconsin,geographic,true
USA,609,"New Jersey - Trenton, Atlantic City",New Jersey,geographic,true
USA,610,"Pennsylvania - Allentown, Reading",Pennsylvania,geographic,true
USA,612,Minnesota - Minneapolis,Minnesota,geographic,true
USA,614,Ohio - Columbus,Ohio,geographic,true
USA,615,Tennessee - Nashville,Tennessee,geographic,true
USA,616,Michigan - Grand Rapids,Michigan,geographic,true
USA,617,Massachusetts - Boston,Massachusetts,geographic,true
USA,618,"Illinois - Belleville, Carbondale",Illinois,geographic,true
USA,619,California - San Diego,California,geographic,true
USA,620,"Kansas - Dodge City, Liberal",Kansas,geographic,true
USA,623,"Arizona - Glendale, Peoria",Arizona,geographic,true
USA,626,California - Pasadena,California,geographic,true
USA,628,California - San Francisco,California,geographic,true
USA,629,Tennessee - Nashville,Tennessee,geographic,true
USA,630,"Illinois - Naperville, Wheaton",Illinois,geographic,true
USA,631,New York - Suffolk County (Long Island),New York,geographic,true
USA,636,"Missouri - St. Charles, Chesterfield",Missouri,geographic,true
USA,641,"Iowa - Mason City, Ottumwa",Iowa,geographic,true
USA,646,New York - Manhattan,New York,geographic,true
USA,650,California - San Mateo,California,geographic,true
USA,651,Minnesota - St. Paul,Minnesota,geographic,true
USA,657,"California - Anaheim, Fullerton",California,geographic,true
USA,660,Missouri - Sedalia,Missouri,geographic,true
USA,661,"California - Bakersfield, Lancaster",California,geographic,true
USA,662,"Mississippi - Tupelo, Columbus",Mississippi,geographic,true
USA,667,Maryland - Baltimore,Maryland,geographic,true
USA,669,California - San Jose,California,geographic,true
USA,678,Georgia - Atlanta,Georgia,geographic,true
USA,681,West Virginia,West Virginia,geographic,true
USA,682,Texas - Fort Worth,Texas,geographic,true
USA,689,Florida - Orlando,Florida,geographic,true
USA,701,North Dakota,North Dakota,geographic,true
USA,702,Nevada - Las Vegas,Nevada,geographic,true
USA,703,"Virginia - Arlington, Alexandria, Fairfax",Virginia,geographic,true
USA,704,North Carolina - Charlotte,North Carolina,geographic,true
USA,706,"Georgia - Augusta, Columbus",Georgia,geographic,true
USA,707,"California - Santa Rosa, Napa",California,geographic,true
USA,708,"Illinois - Cicero, Oak Park",Illinois,geographic,true
USA,712,"Iowa - Sioux City, Council Bluffs",Iowa,geographic,true
USA,713,Texas - Houston,Texas,geographic,true
USA,714,"California - Anaheim, Santa Ana",California,geographic,true
USA,715,"Wisconsin - Eau Claire, Wausau",Wisconsin,geographic,true
USA,716,New York - Buffalo,New York,geographic,true
USA,717,"Pennsylvania - Harrisburg, Lancaster",Pennsylvania,geographic,true
USA,718,"New York - Brooklyn, Queens, Bronx, Staten Island",New York,geographic,true
USA,719,"Colorado - Colorado Springs, Pueblo",Colorado,geographic,true
USA,720,"Colorado - Denver, Boulder",Colorado,geographic,true
USA,724,"Pennsylvania - New Castle, Washington",Pennsylvania,geographic,true
USA,725,Nevada - Las Vegas,Nevada,geographic,true
USA,726,Texas - San Antonio,Texas,geographic,true
USA,727,"Florida - St. Petersburg, Clearwater",Florida,geographic,true
USA,731,Tennessee - Jackson,Tennessee,geographic,true
USA,732,"New Jersey - New Brunswick, Toms River",New Jersey,geographic,true
USA,734,"Michigan - Ann Arbor, Ypsilanti",Michigan,geographic,true
USA,737,Texas - Austin,Texas,geographic,true
USA,740,"Ohio - Lancaster, Marietta",Ohio,geographic,true
USA,747,"California - Burbank, Glendale",California,geographic,true
USA,754,Florida - Fort Lauderdale,Florida,geographic,true
USA,757,"Virginia - Norfolk, Virginia Beach",Virginia,geographic,true
USA,760,"California - Oceanside, Palm Springs",California,geographic,true
USA,762,Georgia - Augusta,Georgia,geographic,true
USA,763,"Minnesota - Brooklyn Park, Plymouth",Minnesota,geographic,true
USA,765,"Indiana - Muncie, Lafayette",Indiana,geographic,true
USA,769,Mississippi - Jackson,Mississippi,geographic,true
USA,770,"Georgia - Marietta, Roswell",Georgia,geographic,true
USA,772,"Florida - Port St. Lucie, Vero Beach",Florida,geographic,true
USA,773,Illinois - Chicago,Illinois,geographic,true
USA,774,Massachusetts - Worcester,Massachusetts,geographic,true
USA,775,Nevada - Reno,Nevada,geographic,true
USA,779,Illinois - Rockford,Illinois,geographic,true
USA,781,"Massachusetts - Wellesley, Weymouth",Massachusetts,geographic,true
USA,785,"Kansas - Topeka, Lawrence",Kansas,geographic,true
USA,786,Florida - Miami,Florida,geographic,true
USA,801,Utah - Salt Lake City,Utah,geographic,true
USA,802,Vermont,Vermont,geographic,true
USA,803,South Carolina - Columbia,South Carolina,geographic,true
USA,804,Virginia - Richmond,Virginia,geographic,true
USA,805,"California - Santa Barbara, San Luis Obispo",California,geographic,true
USA,806,"Texas - Lubbock, Amarillo",Texas,geographic,true
USA,808,Hawaii,Hawaii,geographic,true
USA,810,Michigan - Flint,Michigan,geographic,true
USA,812,"Indiana - Evansville, Bloomington",Indiana,geographic,true
USA,813,Florida - Tampa,Florida,geographic,true
USA,814,Pennsylvania - Erie,Pennsylvania,geographic,true
USA,815,"Illinois - Rockford, Joliet",Illinois,geographic,true
USA,816,Missouri - Kansas City,Missouri,geographic,true
USA,817,"Texas - Fort Worth, Arlington",Texas,geographic,true
USA,818,"California - Burbank, San Fernando Valley",California,geographic,true
USA,828,North Carolina - Asheville,North Carolina,geographic,true
USA,830,"Texas - New Braunfels, Del Rio",Texas,geographic,true
USA,831,"California - Monterey, Santa Cruz",California,geographic,true
USA,832,Texas - Houston,Texas,geographic,true
USA,843,"South Carolina - Charleston, Myrtle Beach",South Carolina,geographic,true
USA,845,"New York - Poughkeepsie, Newburgh",New York,geographic,true
USA,847,"Illinois - Evanston, Waukegan",Illinois,geographic,true
USA,848,"New Jersey - New Brunswick, Toms River",New Jersey,geographic,true
USA,850,"Florida - Tallahassee, Pensacola",Florida,geographic,true
USA,854,South Carolina - Charleston,South Carolina,geographic,true
USA,856,"New Jersey - Camden, Vineland",New Jersey,geographic,true
USA,857,Massachusetts - Boston,Massachusetts,geographic,true
USA,858,California - San Diego (North),California,geographic,true
USA,859,Kentucky - Lexington,Kentucky,geographic,true
USA,860,"Connecticut - Hartford, New London",Connecticut,geographic,true
USA,862,New Jersey - Newark,New Jersey,geographic,true
USA,863,"Florida - Lakeland, Winter Haven",Florida,geographic,true
USA,864,"South Carolina - Greenville, Spartanburg",South Carolina,geographic,true
USA,870,"Arkansas - Jonesboro, Pine Bluff",Arkansas,geographic,true
USA,872,Illinois - Chicago,Illinois,geographic,true
USA,878,Pennsylvania - Pittsburgh,Pennsylvania,geographic,true
USA,901,Tennessee - Memphis,Tennessee,geographic,true
USA,903,"Texas - Tyler, Texarkana",Texas,geographic,true
USA,904,Florida - Jacksonville,Florida,geographic,true
USA,906,Michigan - Upper Peninsula,Michigan,geographic,true
USA,907,Alaska,Alaska,geographic,true
USA,908,"New Jersey - Elizabeth, Plainfield",New Jersey,geographic,true
USA,909,"California - Ontario, Pomona, San Bernardino",California,geographic,true
USA,910,"North Carolina - Fayetteville, Wilmington",North Carolina,geographic,true
USA,912,Georgia - Savannah,Georgia,geographic,true
USA,913,"Kansas - Kansas City, Overland Park",Kansas,geographic,true
USA,914,New York - Westchester County,New York,geographic,true
USA,915,Texas - El Paso,Texas,geographic,true
USA,916,California - Sacramento,California,geographic,true
USA,917,New York - New York City,New York,geographic,true
USA,918,Oklahoma - Tulsa,Oklahoma,geographic,true
USA,919,North Carolina - Raleigh,North Carolina,geographic,true
USA,920,"Wisconsin - Green Bay, Appleton",Wisconsin,geographic,true
USA,925,"California - Concord, Pleasanton",California,geographic,true
USA,928,"Arizona - Flagstaff, Yuma",Arizona,geographic,true
USA,929,"New York - Brooklyn, Queens, Bronx, Staten Island",New York,geographic,true
USA,930,"Indiana - Evansville, Bloomington",Indiana,geographic,true
USA,931,"Tennessee - Clarksville, Cookeville",Tennessee,geographic,true
USA,936,"Texas - Nacogdoches, Huntsville",Texas,geographic,true
USA,937,Ohio - Dayton,Ohio,geographic,true
USA,938,Alabama - Huntsville,Alabama,geographic,true
USA,940,"Texas - Denton, Wichita Falls",Texas,geographic,true
USA,941,"Florida - Sarasota, Bradenton",Florida,geographic,true
USA,947,"Michigan - Troy, Pontiac",Michigan,geographic,true
USA,949,California - Irvine,California,geographic,true
USA,951,"California - Riverside, Temecula",California,geographic,true
USA,952,"Minnesota - Bloomington, Eden Prairie",Minnesota,geographic,true
USA,954,Florida - Fort Lauderdale,Florida,geographic,true
USA,956,"Texas - Laredo, McAllen",Texas,geographic,true
USA,959,Connecticut - Hartford,Connecticut,geographic,true
USA,970,"Colorado - Fort Collins, Grand Junction",Colorado,geographic,true
USA,971,"Oregon - Portland, Salem",Oregon,geographic,true
USA,972,Texas - Dallas,Texas,geographic,true
USA,973,"New Jersey - Newark, Morristown, Paterson",New Jersey,geographic,true
USA,978,"Massachusetts - Lowell, Salem",Massachusetts,geographic,true
USA,979,"Texas - College Station, Bryan",Texas,geographic,true
USA,980,North Carolina - Charlotte,North Carolina,geographic,true
USA,984,North Carolina - Raleigh,North Carolina,geographic,true
USA,985,"Louisiana - Houma, Hammond",Louisiana,geographic,true
USA,986,Idaho,Idaho,geographic,true
USA,989,"Michigan - Saginaw, Alpena",Michigan,geographic,true
USA,800,Toll-Free Service,,toll-free,false
USA,833,Toll-Free Service,,toll-free,false
USA,844,Toll-Free Service,,toll-free,false
USA,855,Toll-Free Service,,toll-free,false
USA,866,Toll-Free Service,,toll-free,false
USA,877,Toll-Free Service,,toll-free,false
USA,888,Toll-Free Service,,toll-free,false
USA,900,Premium Rate Service,,premium-rate,false
CAN,204,Manitoba - Winnipeg,Manitoba,geographic,true
CAN,226,"Ontario - London, Windsor",Ontario,geographic,true
CAN,236,British Columbia - Vancouver,British Columbia,geographic,true
CAN,249,"Ontario - Sudbury, Sault Ste. Marie",Ontario,geographic,true
CAN,250,"British Columbia - Victoria, Kelowna",British Columbia,geographic,true
CAN,289,"Ontario - Hamilton, Niagara",Ontario,geographic,true
CAN,306,Saskatchewan,Saskatchewan,geographic,true
CAN,343,Ontario - Ottawa,Ontario,geographic,true
CAN,365,"Ontario - Hamilton, Niagara",Ontario,geographic,true
CAN,367,"Quebec - Quebec City, Sherbrooke",Quebec,geographic,true
CAN,368,"Alberta - Calgary, Banff",Alberta,geographic,true
CAN,382,Ontario - London,Ontario,geographic,true
CAN,403,"Alberta - Calgary, Banff",Alberta,geographic,true
CAN,416,Ontario - Toronto,Ontario,geographic,true
CAN,418,Quebec - Quebec City,Quebec,geographic,true
CAN,431,Manitoba - Winnipeg,Manitoba,geographic,true
CAN,437,Ontario - Toronto,Ontario,geographic,true
CAN,438,Quebec - Montreal,Quebec,geographic,true
CAN,450,"Quebec - Laval, Longueuil",Quebec,geographic,true
CAN,468,Quebec - Quebec City,Quebec,geographic,true
CAN,474,"Saskatchewan - Regina, Saskatoon",Saskatchewan,geographic,true
CAN,506,New Brunswick,New Brunswick,geographic,true
CAN,514,Quebec - Montreal,Quebec,geographic,true
CAN,519,"Ontario - London, Windsor, Kitchener",Ontario,geographic,true
CAN,548,"Ontario - London, Kitchener",Ontario,geographic,true
CAN,579,"Quebec - Laval, Longueuil",Quebec,geographic,true
CAN,581,Quebec - Quebec City,Quebec,geographic,true
CAN,584,Alberta - Edmonton,Alberta,geographic,true
CAN,587,"Alberta - Calgary, Edmonton",Alberta,geographic,true
CAN,604,British Columbia - Vancouver,British Columbia,geographic,true
CAN,613,Ontario - Ottawa,Ontario,geographic,true
CAN,639,Saskatchewan,Saskatchewan,geographic,true
CAN,647,Ontario - Toronto,Ontario,geographic,true
CAN,672,British Columbia - Vancouver,British Columbia,geographic,true
CAN,683,Ontario - Sudbury,Ontario,geographic,true
CAN,705,"Ontario - Barrie, Sudbury, North Bay",Ontario,geographic,true
CAN,709,Newfoundland and Labrador,Newfoundland and Labrador,geographic,true
CAN,742,Ontario - Hamilton,Ontario,geographic,true
CAN,753,Ontario - Ottawa,Ontario,geographic,true
CAN,778,"British Columbia - Vancouver, Victoria",British Columbia,geographic,true
CAN,780,Alberta - Edmonton,Alberta,geographic,true
CAN,782,Nova Scotia / Prince Edward Island,Nova Scotia,geographic,true
CAN,807,"Ontario - Thunder Bay, Kenora",Ontario,geographic,true
CAN,819,"Quebec - Gatineau, Sherbrooke",Quebec,geographic,true
CAN,825,"Alberta - Edmonton, Calgary",Alberta,geographic,true
CAN,867,Yukon / Northwest Territories / Nunavut,Northern Territories,geographic,true
CAN,873,"Quebec - Gatineau, Sherbrooke",Quebec,geographic,true
CAN,902,Nova Scotia / Prince Edward Island,Nova Scotia,geographic,true
CAN,905,"Ontario - Hamilton, Mississauga, Niagara",Ontario,geographic,true
MEX,33,Guadalajara,Jalisco,geographic,true
MEX,55,Mexico City (Ciudad de Mexico),CDMX,geographic,true
MEX,81,Monterrey,Nuevo Leon,geographic,true
MEX,222,Puebla,Puebla,geographic,true
MEX,223,Puebla (overlay),Puebla,geographic,true
MEX,224,Tehuacan,Puebla,geographic,true
MEX,225,Izucar de Matamoros,Puebla,geographic,true
MEX,226,Atlixco,Puebla,geographic,true
MEX,227,Tepeaca,Puebla,geographic,true
MEX,228,Xalapa,Veracruz,geographic,true
MEX,229,Veracruz,Veracruz,geographic,true
MEX,231,Huauchinango,Puebla,geographic,true
MEX,232,Poza Rica / Papantla,Veracruz,geographic,true
MEX,233,Tuxpan,Veracruz,geographic,true
MEX,235,Orizaba,Veracruz,geographic,true
MEX,236,Cordoba,Veracruz,geographic,true
MEX,237,Teziutlan,Puebla,geographic,true
MEX,238,Cosamaloapan,Veracruz,geographic,true
MEX,241,Tlaxcala,Tlaxcala,geographic,true
MEX,243,Huamantla,Tlaxcala,geographic,true
MEX,244,Apizaco,Tlaxcala,geographic,true
MEX,245,Acatlan,Puebla,geographic,true
MEX,246,Chiautempan,Tlaxcala,geographic,true
MEX,247,Calpulalpan,Tlaxcala,geographic,true
MEX,248,Perote,Veracruz,geographic,true
MEX,249,Libres,Puebla,geographic,true
MEX,271,Orizaba / Fortin,Veracruz,geographic,true
MEX,272,Cordoba,Veracruz,geographic,true
MEX,273,Tierra Blanca,Veracruz,geographic,true
MEX,274,Tezonapa,Veracruz,geographic,true
MEX,276,Ciudad Serdan,Puebla,geographic,true
MEX,278,Acayucan,Veracruz,geographic,true
MEX,279,Huatusco,Veracruz,geographic,true
MEX,281,Tantoyuca,Veracruz,geographic,true
MEX,282,Alamo / Tuxpan,Veracruz,geographic,true
MEX,283,Cerro Azul,Veracruz,geographic,true
MEX,284,Naranjos,Veracruz,geographic,true
MEX,285,Tempoal,Veracruz,geographic,true
MEX,287,Tuxtepec,Oaxaca,geographic,true
MEX,288,Coatzacoalcos,Veracruz,geographic,true
MEX,294,Minatitlan,Veracruz,geographic,true
MEX,296,Las Choapas,Veracruz,geographic,true
MEX,297,Isla,Veracruz,geographic,true
MEX,311,Tepic,Nayarit,geographic,true
MEX,312,Colima,Colima,geographic,true
MEX,313,Manzanillo,Colima,geographic,true
MEX,314,Tecomán,Colima,geographic,true
MEX,315,Cihuatlan,Jalisco,geographic,true
MEX,316,Tuxpan (Jalisco),Jalisco,geographic,true
MEX,317,Autlan de Navarro,Jalisco,geographic,true
MEX,319,Ameca,Jalisco,geographic,true
MEX,321,Santiago Ixcuintla,Nayarit,geographic,true
MEX,322,Puerto Vallarta,Jalisco,geographic,true
MEX,323,Ixtlan del Rio,Nayarit,geographic,true
MEX,324,Compostela,Nayarit,geographic,true
MEX,325,Acaponeta,Nayarit,geographic,true
MEX,326,Tomatlan,Jalisco,geographic,true
MEX,327,Valle de Banderas,Nayarit,geographic,true
MEX,328,Puerto Vallarta (overlay),Jalisco,geographic,true
MEX,329,San Blas,Nayarit,geographic,true
MEX,341,Ciudad Guzman,Jalisco,geographic,true
MEX,342,Zapotlanejo,Jalisco,geographic,true
MEX,343,San Juan de los Lagos,Jalisco,geographic,true
MEX,344,Ocotlan,Jalisco,geographic,true
MEX,345,Lagos de Moreno,Jalisco,geographic,true
MEX,346,Tepatitlan,Jalisco,geographic,true
MEX,347,Arandas,Jalisco,geographic,true
MEX,348,La Barca,Jalisco,geographic,true
MEX,349,Yahualica,Jalisco,geographic,true
MEX,351,Zamora,Michoacan,geographic,true
MEX,352,Sahuayo,Michoacan,geographic,true
MEX,353,La Piedad,Michoacan,geographic,true
MEX,354,Jiquilpan,Michoacan,geographic,true
MEX,355,Puruandiro,Michoacan,geographic,true
MEX,356,Tanhuato,Michoacan,geographic,true
MEX,371,Atotonilco el Alto,Jalisco,geographic,true
MEX,372,San Miguel el Alto,Jalisco,geographic,true
MEX,373,Tequila,Jalisco,geographic,true
MEX,374,Ameca,Jalisco,geographic,true
MEX,375,Chapala / Ajijic,Jalisco,geographic,true
MEX,376,Chapala / Ajijic,Jalisco,geographic,true
MEX,378,Teocaltiche,Jalisco,geographic,true
MEX,381,Juchitlan,Jalisco,geographic,true
MEX,382,Etzatlan,Jalisco,geographic,true
MEX,383,San Martin Hidalgo,Jalisco,geographic,true
MEX,384,Ahualulco de Mercado,Jalisco,geographic,true
MEX,385,Mascota,Jalisco,geographic,true
MEX,386,Talpa de Allende,Jalisco,geographic,true
MEX,387,Unión de Tula,Jalisco,geographic,true
MEX,388,Cocula,Jalisco,geographic,true
MEX,389,Atenguillo,Jalisco,geographic,true
MEX,391,Mazamitla,Jalisco,geographic,true
MEX,392,Tamazula de Gordiano,Jalisco,geographic,true
MEX,393,Tapalpa,Jalisco,geographic,true
MEX,395,Sayula,Jalisco,geographic,true
MEX,411,San Miguel de Allende,Guanajuato,geographic,true
MEX,412,Dolores Hidalgo,Guanajuato,geographic,true
MEX,413,San Felipe,Guanajuato,geographic,true
MEX,414,Queretaro (overlay),Queretaro,geographic,true
MEX,415,San Miguel de Allende (overlay),Guanajuato,geographic,true
MEX,417,Acambaro,Guanajuato,geographic,true
MEX,418,Salvatierra,Guanajuato,geographic,true
MEX,419,San José Iturbide,Guanajuato,geographic,true
MEX,421,San Juan del Rio,Queretaro,geographic,true
MEX,422,Amealco,Queretaro,geographic,true
MEX,423,Jalpan de Serra,Queretaro,geographic,true
MEX,424,Cadereyta de Montes,Queretaro,geographic,true
MEX,425,Tequisquiapan,Queretaro,geographic,true
MEX,427,Ezequiel Montes,Queretaro,geographic,true
MEX,428,Jaral del Progreso,Guanajuato,geographic,true
MEX,429,Apaseo el Grande,Guanajuato,geographic,true
MEX,431,Moroleon,Guanajuato,geographic,true
MEX,432,Yuriria,Guanajuato,geographic,true
MEX,433,Uriangato,Guanajuato,geographic,true
MEX,434,Huetamo,Michoacan,geographic,true
MEX,435,Maravatio,Michoacan,geographic,true
MEX,436,Valle de Santiago,Guanajuato,geographic,true
MEX,437,Penjamo,Guanajuato,geographic,true
MEX,438,Zitacuaro,Michoacan,geographic,true
MEX,441,Queretaro,Queretaro,geographic,true
MEX,442,Queretaro,Queretaro,geographic,true
MEX,443,Morelia,Michoacan,geographic,true
MEX,444,San Luis Potosi,San Luis Potosi,geographic,true
MEX,445,Silao,Guanajuato,geographic,true
MEX,447,Irapuato,Guanajuato,geographic,true
MEX,448,Matehuala,San Luis Potosi,geographic,true
MEX,449,Aguascalientes,Aguascalientes,geographic,true
MEX,451,Patzcuaro,Michoacan,geographic,true
MEX,452,Uruapan,Michoacan,geographic,true
MEX,453,Apatzingan,Michoacan,geographic,true
MEX,454,Paracho,Michoacan,geographic,true
MEX,455,Tacambaro,Michoacan,geographic,true
MEX,456,Nueva Italia,Michoacan,geographic,true
MEX,457,Coalcoman,Michoacan,geographic,true
MEX,458,Los Reyes,Michoacan,geographic,true
MEX,459,Lazaro Cardenas,Michoacan,geographic,true
MEX,461,Celaya,Guanajuato,geographic,true
MEX,462,Leon,Guanajuato,geographic,true
MEX,463,Guanajuato,Guanajuato,geographic,true
MEX,464,Salamanca,Guanajuato,geographic,true
MEX,465,Cortazar,Guanajuato,geographic,true
MEX,466,San Felipe (overlay),Guanajuato,geographic,true
MEX,467,San Luis de la Paz,Guanajuato,geographic,true
MEX,468,Xichú,Guanajuato,geographic,true
MEX,469,San Francisco del Rincón,Guanajuato,geographic,true
MEX,471,Leon (overlay),Guanajuato,geographic,true
MEX,472,Leon (overlay),Guanajuato,geographic,true
MEX,473,Guanajuato (overlay),Guanajuato,geographic,true
MEX,474,Lagos de Moreno (overlay),Jalisco,geographic,true
MEX,475,Aguascalientes (overlay),Aguascalientes,geographic,true
MEX,476,San Francisco del Rincón (overlay),Guanajuato,geographic,true
MEX,477,Leon,Guanajuato,geographic,true
MEX,478,Celaya (overlay),Guanajuato,geographic,true
MEX,481,Rioverde,San Luis Potosi,geographic,true
MEX,482,Tamuin,San Luis Potosi,geographic,true
MEX,483,Ciudad Valles,San Luis Potosi,geographic,true
MEX,485,Tamazunchale,San Luis Potosi,geographic,true
MEX,486,Cerritos,San Luis Potosi,geographic,true
MEX,487,Cárdenas (SLP),San Luis Potosi,geographic,true
MEX,488,Guadalcazar,San Luis Potosi,geographic,true
MEX,489,Ebano,San Luis Potosi,geographic,true
MEX,492,Zacatecas,Zacatecas,geographic,true
MEX,493,Fresnillo,Zacatecas,geographic,true
MEX,494,Jerez,Zacatecas,geographic,true
MEX,495,Pinos,Zacatecas,geographic,true
MEX,496,Ojocaliente,Zacatecas,geographic,true
MEX,498,Rio Grande,Zacatecas,geographic,true
MEX,499,Jalpa,Zacatecas,geographic,true
MEX,591,Chilpancingo,Guerrero,geographic,true
MEX,592,Iguala,Guerrero,geographic,true
MEX,593,Zihuatanejo,Guerrero,geographic,true
MEX,594,Taxco,Guerrero,geographic,true
MEX,595,Ecatepec,Mexico State,geographic,true
MEX,596,Texcoco,Mexico State,geographic,true
MEX,597,Zumpango,Mexico State,geographic,true
MEX,598,Pachuca (overlay),Hidalgo,geographic,true
MEX,599,Jilotepec,Mexico State,geographic,true
MEX,612,La Paz,Baja California Sur,geographic,true
MEX,613,Ciudad Constitucion,Baja California Sur,geographic,true
MEX,614,Chihuahua,Chihuahua,geographic,true
MEX,615,Guerrero Negro,Baja California Sur,geographic,true
MEX,616,Ensenada (overlay),Baja California,geographic,true
MEX,618,Durango,Durango,geographic,true
MEX,621,Navojoa,Sonora,geographic,true
MEX,622,Ciudad Obregon,Sonora,geographic,true
MEX,623,Caborca,Sonora,geographic,true
MEX,624,San Jose del Cabo / Cabo San Lucas,Baja California Sur,geographic,true
MEX,625,Agua Prieta,Sonora,geographic,true
MEX,626,Cuauhtemoc (Chihuahua),Chihuahua,geographic,true
MEX,627,Nogales (overlay),Sonora,geographic,true
MEX,628,Empalme,Sonora,geographic,true
MEX,629,Magdalena,Sonora,geographic,true
MEX,631,Nogales,Sonora,geographic,true
MEX,632,Puerto Peñasco,Sonora,geographic,true
MEX,633,Hermosillo (overlay),Sonora,geographic,true
MEX,634,Alamos,Sonora,geographic,true
MEX,635,Navajoa (overlay),Sonora,geographic,true
MEX,636,Cananea,Sonora,geographic,true
MEX,637,Huatabampo,Sonora,geographic,true
MEX,638,Santa Ana,Sonora,geographic,true
MEX,639,Guaymas (overlay),Sonora,geographic,true
MEX,641,Guaymas,Sonora,geographic,true
MEX,642,Navojoa (overlay),Sonora,geographic,true
MEX,643,Huatabampo (overlay),Sonora,geographic,true
MEX,644,Ciudad Obregon (overlay),Sonora,geographic,true
MEX,645,Alamos (overlay),Sonora,geographic,true
MEX,646,Ensenada,Baja California,geographic,true
MEX,647,Navajoa (overlay),Sonora,geographic,true
MEX,648,Ciudad Camargo (Chihuahua),Chihuahua,geographic,true
MEX,649,Jimenez (Chihuahua),Chihuahua,geographic,true
MEX,651,Tecate,Baja California,geographic,true
MEX,652,Nuevo Casas Grandes,Chihuahua,geographic,true
MEX,653,San Luis Rio Colorado,Sonora,geographic,true
MEX,656,Ciudad Juarez,Chihuahua,geographic,true
MEX,658,La Rumorosa / Tecate,Baja California,geographic,true
MEX,659,Ojinaga,Chihuahua,geographic,true
MEX,661,Rosarito / Tijuana (overlay),Baja California,geographic,true
MEX,662,Hermosillo,Sonora,geographic,true
MEX,664,Tijuana,Baja California,geographic,true
MEX,665,Tijuana (overlay),Baja California,geographic,true
MEX,667,Culiacan,Sinaloa,geographic,true
MEX,668,Los Mochis,Sinaloa,geographic,true
MEX,669,Mazatlan,Sinaloa,geographic,true
MEX,671,Guasave,Sinaloa,geographic,true
MEX,672,El Fuerte / Choix,Sinaloa,geographic,true
MEX,673,Guamuchil,Sinaloa,geographic,true
MEX,674,Cosala,Sinaloa,geographic,true
MEX,675,Escuinapa,Sinaloa,geographic,true
MEX,676,El Rosario (Sinaloa),Sinaloa,geographic,true
MEX,677,Mocorito,Sinaloa,geographic,true
MEX,686,Mexicali,Baja California,geographic,true
MEX,687,Culiacan (overlay),Sinaloa,geographic,true
MEX,694,Concordia,Sinaloa,geographic,true
MEX,695,Angostura,Sinaloa,geographic,true
MEX,696,Navolato,Sinaloa,geographic,true
MEX,697,Mazatlan (overlay),Sinaloa,geographic,true
MEX,698,Culiacan (overlay),Sinaloa,geographic,true
MEX,714,Acapulco (overlay),Guerrero,geographic,true
MEX,717,Toluca (overlay),Mexico State,geographic,true
MEX,718,Tlalnepantla (overlay),Mexico State,geographic,true
MEX,719,Toluca (overlay),Mexico State,geographic,true
MEX,721,Toluca,Mexico State,geographic,true
MEX,722,Toluca (overlay),Mexico State,geographic,true
MEX,723,Ixtapan de la Sal,Mexico State,geographic,true
MEX,724,Sultepec,Mexico State,geographic,true
MEX,725,Tenancingo,Mexico State,geographic,true
MEX,726,Tejupilco,Mexico State,geographic,true
MEX,727,Valle de Bravo,Mexico State,geographic,true
MEX,728,Atlacomulco,Mexico State,geographic,true
MEX,729,Temascaltepec,Mexico State,geographic,true
MEX,731,Cuernavaca (overlay),Morelos,geographic,true
MEX,732,Jojutla,Morelos,geographic,true
MEX,733,Taxco,Guerrero,geographic,true
MEX,734,Iguala,Guerrero,geographic,true
MEX,735,Cuautla,Morelos,geographic,true
MEX,736,Puente de Ixtla,Morelos,geographic,true
MEX,737,Chilpancingo,Guerrero,geographic,true
MEX,738,Tlapa,Guerrero,geographic,true
MEX,739,Zihuatanejo (overlay),Guerrero,geographic,true
MEX,741,Acapulco (overlay),Guerrero,geographic,true
MEX,742,Ometepec,Guerrero,geographic,true
MEX,743,Tecpan de Galeana,Guerrero,geographic,true
MEX,744,Acapulco,Guerrero,geographic,true
MEX,745,Altamirano,Guerrero,geographic,true
MEX,746,Ayutla,Guerrero,geographic,true
MEX,747,Chilapa,Guerrero,geographic,true
MEX,749,Tixtla,Guerrero,geographic,true
MEX,751,Zihuatanejo (overlay),Guerrero,geographic,true
MEX,753,Lazaro Cardenas (overlay),Michoacan,geographic,true
MEX,755,Zihuatanejo,Guerrero,geographic,true
MEX,756,Ciudad Altamirano,Guerrero,geographic,true
MEX,757,Petatlán,Guerrero,geographic,true
MEX,758,Cruz Grande,Guerrero,geographic,true
MEX,761,Tula de Allende,Hidalgo,geographic,true
MEX,762,Acapulco (overlay),Guerrero,geographic,true
MEX,764,Ixmiquilpan,Hidalgo,geographic,true
MEX,765,Tulancingo,Hidalgo,geographic,true
MEX,766,Actopan,Hidalgo,geographic,true
MEX,767,Cuernavaca,Morelos,geographic,true
MEX,769,Huejutla,Hidalgo,geographic,true
MEX,771,Pachuca,Hidalgo,geographic,true
MEX,772,Tizayuca,Hidalgo,geographic,true
MEX,773,Zimapan,Hidalgo,geographic,true
MEX,774,Apan,Hidalgo,geographic,true
MEX,775,Tepeji del Rio,Hidalgo,geographic,true
MEX,776,Mixquiahuala,Hidalgo,geographic,true
MEX,777,Cuernavaca,Morelos,geographic,true
MEX,778,Pachuca (overlay),Hidalgo,geographic,true
MEX,779,Tulancingo (overlay),Hidalgo,geographic,true
MEX,781,Poza Rica,Veracruz,geographic,true
MEX,782,Tuxpan (Veracruz),Veracruz,geographic,true
MEX,783,Papantla,Veracruz,geographic,true
MEX,784,Tantoyuca,Veracruz,geographic,true
MEX,785,Cerro Azul,Veracruz,geographic,true
MEX,786,Naranjos (overlay),Veracruz,geographic,true
MEX,789,Tempoal (overlay),Veracruz,geographic,true
MEX,791,Pachuca (overlay),Hidalgo,geographic,true
MEX,797,Coatzacoalcos (overlay),Veracruz,geographic,true
MEX,821,Ciudad Victoria,Tamaulipas,geographic,true
MEX,822,Ciudad Mante,Tamaulipas,geographic,true
MEX,823,Soto la Marina,Tamaulipas,geographic,true
MEX,824,Linares,Nuevo Leon,geographic,true
MEX,825,Montemorelos,Nuevo Leon,geographic,true
MEX,826,Cd. de Abasolo,Tamaulipas,geographic,true
MEX,828,Sabinas Hidalgo,Nuevo Leon,geographic,true
MEX,829,Ciudad Victoria (overlay),Tamaulipas,geographic,true
MEX,831,Cd. Mante (overlay),Tamaulipas,geographic,true
MEX,833,Tampico / Ciudad Madero,Tamaulipas,geographic,true
MEX,834,Ciudad Victoria (overlay),Tamaulipas,geographic,true
MEX,835,Tula (Tamaulipas),Tamaulipas,geographic,true
MEX,836,Gonzalez,Tamaulipas,geographic,true
MEX,841,Ciudad Victoria (overlay),Tamaulipas,geographic,true
MEX,842,Jaumave,Tamaulipas,geographic,true
MEX,844,Saltillo,Coahuila,geographic,true
MEX,845,Tamazunchale (overlay),San Luis Potosi,geographic,true
MEX,846,Ciudad Valles (overlay),San Luis Potosi,geographic,true
MEX,861,Sabinas,Coahuila,geographic,true
MEX,862,Muzquiz,Coahuila,geographic,true
MEX,864,Monclova,Coahuila,geographic,true
MEX,866,Nueva Rosita,Coahuila,geographic,true
MEX,867,Piedras Negras (overlay),Coahuila,geographic,true
MEX,868,Matamoros (Tamaulipas),Tamaulipas,geographic,true
MEX,869,Parras,Coahuila,geographic,true
MEX,871,Torreon / Gomez Palacio,Coahuila,geographic,true
MEX,872,Lerdo,Durango,geographic,true
MEX,873,San Pedro de las Colonias,Coahuila,geographic,true
MEX,877,Piedras Negras,Coahuila,geographic,true
MEX,878,Acuña,Coahuila,geographic,true
MEX,891,Reynosa,Tamaulipas,geographic,true
MEX,892,Nuevo Laredo (overlay),Tamaulipas,geographic,true
MEX,894,Reynosa (overlay),Tamaulipas,geographic,true
MEX,897,Nuevo Laredo,Tamaulipas,geographic,true
MEX,899,Reynosa (overlay),Tamaulipas,geographic,true
MEX,913,Villahermosa (overlay),Tabasco,geographic,true
MEX,914,Cardenas (Tabasco),Tabasco,geographic,true
MEX,916,Emiliano Zapata,Tabasco,geographic,true
MEX,917,Comalcalco,Tabasco,geographic,true
MEX,919,Palenque,Chiapas,geographic,true
MEX,921,Coatzacoalcos (overlay),Veracruz,geographic,true
MEX,922,Minatitlan (overlay),Veracruz,geographic,true
MEX,923,Las Choapas (overlay),Veracruz,geographic,true
MEX,924,Isla (overlay),Veracruz,geographic,true
MEX,932,Huimanguillo,Tabasco,geographic,true
MEX,933,Villahermosa,Tabasco,geographic,true
MEX,934,Macuspana,Tabasco,geographic,true
MEX,936,Tenosique,Tabasco,geographic,true
MEX,937,Paraiso,Tabasco,geographic,true
MEX,938,Ciudad del Carmen,Campeche,geographic,true
MEX,951,Oaxaca,Oaxaca,geographic,true
MEX,953,Huajuapan,Oaxaca,geographic,true
MEX,954,Pinotepa Nacional,Oaxaca,geographic,true
MEX,958,Puerto Escondido,Oaxaca,geographic,true
MEX,961,Tuxtla Gutierrez,Chiapas,geographic,true
MEX,962,Tapachula,Chiapas,geographic,true
MEX,963,Comitan,Chiapas,geographic,true
MEX,964,Tonala (Chiapas),Chiapas,geographic,true
MEX,965,San Cristobal de las Casas,Chiapas,geographic,true
MEX,966,Huixtla,Chiapas,geographic,true
MEX,967,San Cristobal de las Casas (overlay),Chiapas,geographic,true
MEX,968,Juchitan,Oaxaca,geographic,true
MEX,969,Merida (overlay),Yucatan,geographic,true
MEX,971,Salina Cruz,Oaxaca,geographic,true
MEX,972,Tehuantepec,Oaxaca,geographic,true
MEX,981,Campeche,Campeche,geographic,true
MEX,982,Champoton,Campeche,geographic,true
MEX,983,Chetumal,Quintana Roo,geographic,true
MEX,984,Playa del Carmen,Quintana Roo,geographic,true
MEX,985,Tizimin,Yucatan,geographic,true
MEX,986,Ticul,Yucatan,geographic,true
MEX,987,Cozumel,Quintana Roo,geographic,true
MEX,988,Motul,Yucatan,geographic,true
MEX,991,Merida (overlay),Yucatan,geographic,true
MEX,993,Villahermosa (overlay),Tabasco,geographic,true
MEX,994,Frontera (Tabasco),Tabasco,geographic,true
MEX,996,Valladolid,Yucatan,geographic,true
MEX,997,Merida,Yucatan,geographic,true
MEX,998,Cancun,Quintana Roo,geographic,true
MEX,999,Merida,Yucatan,geographic,true
MEX,800,Toll-Free Service (Lada 800),,toll-free,false
MEX,900,Premium Rate Service,,premium-rate,false
MEX,1,Former mobile prefix (deprecated 2019) - mobile numbers now use geographic NDCs,,mobile,false
GBR,20,London,Greater London,geographic,true
GBR,23,Southampton/Portsmouth,Hampshire,geographic,true
GBR,24,Coventry,West Midlands,geographic,true
GBR,28,Northern Ireland,Northern Ireland,geographic,true
GBR,29,Cardiff,Wales,geographic,true
GBR,113,Leeds,West Yorkshire,geographic,true
GBR,114,Sheffield,South Yorkshire,geographic,true
GBR,115,Nottingham,Nottinghamshire,geographic,true
GBR,116,Leicester,Leicestershire,geographic,true
GBR,117,Bristol,Avon,geographic,true
GBR,118,Reading,Berkshire,geographic,true
GBR,121,Birmingham,West Midlands,geographic,true
GBR,131,Edinburgh,Scotland,geographic,true
GBR,141,Glasgow,Scotland,geographic,true
GBR,151,Liverpool,Merseyside,geographic,true
GBR,161,Manchester,Greater Manchester,geographic,true
GBR,191,Newcastle upon Tyne,Tyne and Wear,geographic,true
GBR,1225,Bath,Somerset,geographic,true
GBR,1904,York,North Yorkshire,geographic,true
GBR,1865,Oxford,Oxfordshire,geographic,true
GBR,1223,Cambridge,Cambridgeshire,geographic,true
GBR,1224,Aberdeen,Scotland,geographic,true
GBR,1382,Dundee,Scotland,geographic,true
GBR,1392,Exeter,Devon,geographic,true
GBR,1752,Plymouth,Devon,geographic,true
GBR,1603,Norwich,Norfolk,geographic,true
GBR,1473,Ipswich,Suffolk,geographic,true
GBR,1792,Swansea,Wales,geographic,true
GBR,1902,Wolverhampton,West Midlands,geographic,true
GBR,1273,Brighton,East Sussex,geographic,true
GBR,1332,Derby,Derbyshire,geographic,true
GBR,1782,Stoke-on-Trent,Staffordshire,geographic,true
GBR,1642,Middlesbrough,Cleveland,geographic,true
GBR,1463,Inverness,Highland,geographic,true
GBR,1227,Canterbury,Kent,geographic,true
GBR,1582,Luton,Bedfordshire,geographic,true
GBR,1202,Bournemouth,Dorset,geographic,true
GBR,1793,Swindon,Wiltshire,geographic,true
GBR,1604,Northampton,Northamptonshire,geographic,true
GBR,1733,Peterborough,Cambridgeshire,geographic,true
GBR,1452,Gloucester,Gloucestershire,geographic,true
GBR,1905,Worcester,Worcestershire,geographic,true
GBR,1228,Carlisle,Cumbria,geographic,true
GBR,1522,Lincoln,Lincolnshire,geographic,true
GBR,1244,Chester,Cheshire,geographic,true
GBR,1743,Shrewsbury,Shropshire,geographic,true
GBR,1432,Hereford,Herefordshire,geographic,true
GBR,1722,Salisbury,Wiltshire,geographic,true
GBR,1962,Winchester,Hampshire,geographic,true
GBR,1206,Colchester,Essex,geographic,true
GBR,1245,Chelmsford,Essex,geographic,true
GBR,1908,Milton Keynes,Buckinghamshire,geographic,true
GBR,1923,Watford,Hertfordshire,geographic,true
GBR,1011,Unassigned,,geographic,true
GBR,70,Personal numbering,,personal,false
GBR,74,Mobile,,mobile,false
GBR,75,Mobile,,mobile,false
GBR,76,Mobile,,mobile,false
GBR,77,Mobile,,mobile,false
GBR,78,Mobile,,mobile,false
GBR,79,Mobile,,mobile,false
GBR,80,Freephone,,toll-free,false
GBR,84,Local rate,,shared-cost,false
GBR,87,National rate,,shared-cost,false
GBR,90,Premium rate,,premium-rate,false
GBR,91,Premium rate,,premium-rate,false
GBR,55,Corporate,,corporate,false
GBR,56,VoIP,,voip,false
DEU,30,Berlin,Berlin,geographic,true
DEU,40,Hamburg,Hamburg,geographic,true
DEU,69,Frankfurt am Main,Hesse,geographic,true
DEU,89,Munich,Bavaria,geographic,true
DEU,211,Duesseldorf,NRW,geographic,true
DEU,221,Cologne,NRW,geographic,true
DEU,228,Bonn,NRW,geographic,true
DEU,231,Dortmund,NRW,geographic,true
DEU,241,Aachen,NRW,geographic,true
DEU,251,Muenster,NRW,geographic,true
DEU,261,Koblenz,Rhineland-Palatinate,geographic,true
DEU,341,Leipzig,Saxony,geographic,true
DEU,351,Dresden,Saxony,geographic,true
DEU,361,Erfurt,Thuringia,geographic,true
DEU,371,Chemnitz,Saxony,geographic,true
DEU,381,Rostock,Mecklenburg-Vorpommern,geographic,true
DEU,391,Magdeburg,Saxony-Anhalt,geographic,true
DEU,421,Bremen,Bremen,geographic,true
DEU,431,Kiel,Schleswig-Holstein,geographic,true
DEU,441,Oldenburg,Lower Saxony,geographic,true
DEU,451,Luebeck,Schleswig-Holstein,geographic,true
DEU,461,Flensburg,Schleswig-Holstein,geographic,true
DEU,471,Bremerhaven,Bremen,geographic,true
DEU,511,Hanover,Lower Saxony,geographic,true
DEU,521,Bielefeld,NRW,geographic,true
DEU,531,Braunschweig,Lower Saxony,geographic,true
DEU,541,Osnabrueck,Lower Saxony,geographic,true
DEU,551,Goettingen,Lower Saxony,geographic,true
DEU,561,Kassel,Hesse,geographic,true
DEU,611,Wiesbaden,Hesse,geographic,true
DEU,621,Mannheim/Ludwigshafen,Baden-Wuerttemberg,geographic,true
DEU,631,Kaiserslautern,Rhineland-Palatinate,geographic,true
DEU,641,Giessen,Hesse,geographic,true
DEU,651,Trier,Rhineland-Palatinate,geographic,true
DEU,661,Fulda,Hesse,geographic,true
DEU,681,Saarbruecken,Saarland,geographic,true
DEU,711,Stuttgart,Baden-Wuerttemberg,geographic,true
DEU,721,Karlsruhe,Baden-Wuerttemberg,geographic,true
DEU,731,Ulm,Baden-Wuerttemberg,geographic,true
DEU,761,Freiburg,Baden-Wuerttemberg,geographic,true
DEU,821,Augsburg,Bavaria,geographic,true
DEU,831,Kempten,Bavaria,geographic,true
DEU,841,Ingolstadt,Bavaria,geographic,true
DEU,851,Passau,Bavaria,geographic,true
DEU,871,Landshut,Bavaria,geographic,true
DEU,911,Nuremberg,Bavaria,geographic,true
DEU,921,Bayreuth,Bavaria,geographic,true
DEU,931,Wuerzburg,Bavaria,geographic,true
DEU,941,Regensburg,Bavaria,geographic,true
DEU,951,Bamberg,Bavaria,geographic,true
DEU,151,Mobile - Telekom,,mobile,false
DEU,152,Mobile - Vodafone,,mobile,false
DEU,157,Mobile - O2,,mobile,false
DEU,159,Mobile - O2,,mobile,false
DEU,160,Mobile - Telekom,,mobile,false
DEU,162,Mobile - Vodafone,,mobile,false
DEU,163,Mobile - O2,,mobile,false
DEU,170,Mobile - Telekom,,mobile,false
DEU,171,Mobile - Telekom,,mobile,false
DEU,172,Mobile - Vodafone,,mobile,false
DEU,173,Mobile - Vodafone,,mobile,false
DEU,174,Mobile - Vodafone,,mobile,false
DEU,175,Mobile - Telekom,,mobile,false
DEU,176,Mobile - O2,,mobile,false
DEU,177,Mobile - O2,,mobile,false
DEU,178,Mobile - O2,,mobile,false
DEU,179,Mobile - O2,,mobile,false
DEU,800,Freephone,,toll-free,false
DEU,900,Premium rate,,premium-rate,false
DEU,180,Shared cost,,shared-cost,false
DEU,700,Personal,,personal,false
DEU,32,VoIP,,voip,false
FRA,1,Ile-de-France (Paris),Ile-de-France,geographic,true
FRA,2,Northwest France,Northwest,geographic,true
FRA,3,Northeast France,Northeast,geographic,true
FRA,4,Southeast France,Southeast,geographic,true
FRA,5,Southwest France,Southwest,geographic,true
FRA,6,Mobile phones,,mobile,false
FRA,7,Mobile phones,,mobile,false
FRA,8,Special (freephone/premium),,special,false
FRA,9,VoIP/non-geographic,,voip,false
ITA,02,Milan,Lombardy,geographic,true
ITA,06,Rome,Lazio,geographic,true
ITA,010,Genoa,Liguria,geographic,true
ITA,011,Turin,Piedmont,geographic,true
ITA,015,Biella,Piedmont,geographic,true
ITA,019,Savona,Liguria,geographic,true
ITA,030,Brescia,Lombardy,geographic,true
ITA,031,Como,Lombardy,geographic,true
ITA,035,Bergamo,Lombardy,geographic,true
ITA,039,Monza,Lombardy,geographic,true
ITA,040,Trieste,Friuli-Venezia Giulia,geographic,true
ITA,041,Venice,Veneto,geographic,true
ITA,045,Verona,Veneto,geographic,true
ITA,049,Padua,Veneto,geographic,true
ITA,050,Pisa,Tuscany,geographic,true
ITA,051,Bologna,Emilia-Romagna,geographic,true
ITA,055,Florence,Tuscany,geographic,true
ITA,059,Modena,Emilia-Romagna,geographic,true
ITA,070,Cagliari,Sardinia,geographic,true
ITA,071,Ancona,Marche,geographic,true
ITA,075,Perugia,Umbria,geographic,true
ITA,079,Sassari,Sardinia,geographic,true
ITA,080,Bari,Puglia,geographic,true
ITA,081,Naples,Campania,geographic,true
ITA,085,Pescara,Abruzzo,geographic,true
ITA,089,Salerno,Campania,geographic,true
ITA,090,Messina,Sicily,geographic,true
ITA,091,Palermo,Sicily,geographic,true
ITA,095,Catania,Sicily,geographic,true
ITA,099,Taranto,Puglia,geographic,true
ITA,3,Mobile (all 3xx),,mobile,false
ITA,800,Freephone,,toll-free,false
ITA,803,Shared cost,,shared-cost,false
ITA,840,Shared cost,,shared-cost,false
ITA,892,Premium rate,,premium-rate,false
ITA,899,Premium rate,,premium-rate,false
ESP,91,Madrid,Madrid,geographic,true
ESP,93,Barcelona,Catalonia,geographic,true
ESP,94,Bilbao/Bizkaia,Basque Country,geographic,true
ESP,95,Seville/Malaga,Andalusia,geographic,true
ESP,96,Valencia/Alicante,Valencian Community,geographic,true
ESP,97,Zaragoza/Balearics,Aragon/Balearics,geographic,true
ESP,98,Asturias/Cantabria,Asturias,geographic,true
ESP,920,Avila,Castile and Leon,geographic,true
ESP,921,Segovia,Castile and Leon,geographic,true
ESP,922,Santa Cruz de Tenerife,Canary Islands,geographic,true
ESP,923,Salamanca,Castile and Leon,geographic,true
ESP,924,Badajoz,Extremadura,geographic,true
ESP,925,Toledo,Castile-La Mancha,geographic,true
ESP,926,Ciudad Real,Castile-La Mancha,geographic,true
ESP,927,Caceres,Extremadura,geographic,true
ESP,928,Las Palmas,Canary Islands,geographic,true
ESP,941,Logrono,La Rioja,geographic,true
ESP,942,Santander,Cantabria,geographic,true
ESP,943,San Sebastian,Basque Country,geographic,true
ESP,944,Bilbao,Basque Country,geographic,true
ESP,945,Vitoria-Gasteiz,Basque Country,geographic,true
ESP,947,Burgos,Castile and Leon,geographic,true
ESP,948,Pamplona,Navarre,geographic,true
ESP,949,Guadalajara,Castile-La Mancha,geographic,true
ESP,950,Almeria,Andalusia,geographic,true
ESP,951,Malaga,Andalusia,geographic,true
ESP,952,Malaga,Andalusia,geographic,true
ESP,953,Jaen,Andalusia,geographic,true
ESP,954,Seville,Andalusia,geographic,true
ESP,955,Seville,Andalusia,geographic,true
ESP,956,Cadiz,Andalusia,geographic,true
ESP,957,Cordoba,Andalusia,geographic,true
ESP,958,Granada,Andalusia,geographic,true
ESP,959,Huelva,Andalusia,geographic,true
ESP,960,Valencia,Valencian Community,geographic,true
ESP,961,Valencia,Valencian Community,geographic,true
ESP,962,Xativa/Gandia,Valencian Community,geographic,true
ESP,963,Valencia,Valencian Community,geographic,true
ESP,964,Castellon,Valencian Community,geographic,true
ESP,965,Alicante,Valencian Community,geographic,true
ESP,966,Alicante,Valencian Community,geographic,true
ESP,967,Albacete,Castile-La Mancha,geographic,true
ESP,968,Murcia,Murcia,geographic,true
ESP,969,Cuenca,Castile-La Mancha,geographic,true
ESP,971,Palma de Mallorca,Balearic Islands,geographic,true
ESP,972,Girona,Catalonia,geographic,true
ESP,973,Lleida,Catalonia,geographic,true
ESP,974,Huesca,Aragon,geographic,true
ESP,975,Soria,Castile and Leon,geographic,true
ESP,976,Zaragoza,Aragon,geographic,true
ESP,977,Tarragona,Catalonia,geographic,true
ESP,978,Teruel,Aragon,geographic,true
ESP,979,Palencia,Castile and Leon,geographic,true
ESP,980,Zamora,Castile and Leon,geographic,true
ESP,981,A Coruna,Galicia,geographic,true
ESP,982,Lugo,Galicia,geographic,true
ESP,983,Valladolid,Castile and Leon,geographic,true
ESP,984,Oviedo/Gijon,Asturias,geographic,true
ESP,985,Oviedo/Gijon,Asturias,geographic,true
ESP,986,Vigo/Pontevedra,Galicia,geographic,true
ESP,987,Leon,Castile and Leon,geographic,true
ESP,988,Ourense,Galicia,geographic,true
ESP,6,Mobile (6xx),,mobile,false
ESP,7,Mobile (7xx),,mobile,false
ESP,800,Freephone,,toll-free,false
ESP,900,Freephone,,toll-free,false
ESP,901,Shared cost,,shared-cost,false
ESP,902,Shared cost,,shared-cost,false
ESP,803,Premium rate,,premium-rate,false
ESP,806,Premium rate,,premium-rate,false
ESP,807,Premium rate,,premium-rate,false
PRT,21,Lisbon,Lisbon,geographic,true
PRT,22,Porto,Porto,geographic,true
PRT,231,Mealhada,Aveiro,geographic,true
PRT,232,Viseu,Viseu,geographic,true
PRT,233,Figueira da Foz,Coimbra,geographic,true
PRT,234,Aveiro,Aveiro,geographic,true
PRT,239,Coimbra,Coimbra,geographic,true
PRT,241,Abrantes,Santarem,geographic,true
PRT,243,Santarem,Santarem,geographic,true
PRT,244,Leiria,Leiria,geographic,true
PRT,245,Portalegre,Portalegre,geographic,true
PRT,249,Torres Novas,Santarem,geographic,true
PRT,251,Valenca,Viana do Castelo,geographic,true
PRT,253,Braga,Braga,geographic,true
PRT,254,Peso da Regua,Vila Real,geographic,true
PRT,258,Viana do Castelo,Viana do Castelo,geographic,true
PRT,259,Vila Real,Vila Real,geographic,true
PRT,261,Torres Vedras,Lisbon,geographic,true
PRT,262,Caldas da Rainha,Leiria,geographic,true
PRT,265,Setubal,Setubal,geographic,true
PRT,266,Evora,Evora,geographic,true
PRT,271,Guarda,Guarda,geographic,true
PRT,272,Castelo Branco,Castelo Branco,geographic,true
PRT,273,Braganca,Braganca,geographic,true
PRT,274,Covilha,Castelo Branco,geographic,true
PRT,276,Chaves,Vila Real,geographic,true
PRT,278,Mirandela,Braganca,geographic,true
PRT,281,Tavira,Faro,geographic,true
PRT,282,Portimao,Faro,geographic,true
PRT,284,Beja,Beja,geographic,true
PRT,289,Faro,Faro,geographic,true
PRT,291,Funchal (Madeira),Madeira,geographic,true
PRT,292,Horta (Azores),Azores,geographic,true
PRT,295,Angra do Heroismo (Azores),Azores,geographic,true
PRT,296,Ponta Delgada (Azores),Azores,geographic,true
PRT,91,Mobile - Vodafone,,mobile,false
PRT,92,Mobile - MEO,,mobile,false
PRT,93,Mobile - NOS,,mobile,false
PRT,96,Mobile - MEO,,mobile,false
PRT,800,Freephone,,toll-free,false
PRT,808,Shared cost,,shared-cost,false
PRT,707,Shared cost,,shared-cost,false
PRT,760,Premium rate,,premium-rate,false
NLD,10,Rotterdam,South Holland,geographic,true
NLD,13,Tilburg,North Brabant,geographic,true
NLD,15,Delft,South Holland,geographic,true
NLD,20,Amsterdam,North Holland,geographic,true
NLD,23,Haarlem,North Holland,geographic,true
NLD,24,Nijmegen,Gelderland,geographic,true
NLD,26,Arnhem,Gelderland,geographic,true
NLD,30,Utrecht,Utrecht,geographic,true
NLD,33,Amersfoort,Utrecht,geographic,true
NLD,35,Hilversum,North Holland,geographic,true
NLD,36,Almere,Flevoland,geographic,true
NLD,38,Zwolle,Overijssel,geographic,true
NLD,40,Eindhoven,North Brabant,geographic,true
NLD,43,Maastricht,Limburg,geographic,true
NLD,45,Heerlen,Limburg,geographic,true
NLD,46,Sittard/Geleen,Limburg,geographic,true
NLD,50,Groningen,Groningen,geographic,true
NLD,53,Enschede,Overijssel,geographic,true
NLD,55,Apeldoorn,Gelderland,geographic,true
NLD,58,Leeuwarden,Friesland,geographic,true
NLD,70,The Hague,South Holland,geographic,true
NLD,71,Leiden,South Holland,geographic,true
NLD,72,Alkmaar,North Holland,geographic,true
NLD,73,s-Hertogenbosch,North Brabant,geographic,true
NLD,74,Hengelo,Overijssel,geographic,true
NLD,75,Zaandam,North Holland,geographic,true
NLD,76,Breda,North Brabant,geographic,true
NLD,77,Venlo,Limburg,geographic,true
NLD,78,Dordrecht,South Holland,geographic,true
NLD,79,Zoetermeer,South Holland,geographic,true
NLD,6,Mobile,,mobile,false
NLD,800,Freephone,,toll-free,false
NLD,900,Premium rate,,premium-rate,false
NLD,906,Premium rate (adult),,premium-rate,false
NLD,85,VoIP,,voip,false
NLD,88,Business non-geographic,,voip,false
BEL,2,Brussels,Brussels,geographic,true
BEL,3,Antwerp,Antwerp,geographic,true
BEL,4,Liege,Liege,geographic,true
BEL,9,Ghent,East Flanders,geographic,true
BEL,10,Wavre,Walloon Brabant,geographic,true
BEL,11,Hasselt,Limburg,geographic,true
BEL,12,Tongeren,Limburg,geographic,true
BEL,13,Diest,Flemish Brabant,geographic,true
BEL,14,Herentals,Antwerp,geographic,true
BEL,15,Mechelen,Antwerp,geographic,true
BEL,16,Leuven,Flemish Brabant,geographic,true
BEL,19,Waremme,Liege,geographic,true
BEL,50,Bruges,West Flanders,geographic,true
BEL,51,Roeselare,West Flanders,geographic,true
BEL,52,Dendermonde,East Flanders,geographic,true
BEL,53,Aalst,East Flanders,geographic,true
BEL,54,Ninove,East Flanders,geographic,true
BEL,55,Ronse,East Flanders,geographic,true
BEL,56,Kortrijk,West Flanders,geographic,true
BEL,57,Ypres,West Flanders,geographic,true
BEL,58,Veurne,West Flanders,geographic,true
BEL,59,Ostend,West Flanders,geographic,true
BEL,60,Chimay,Hainaut,geographic,true
BEL,61,Libramont,Luxembourg,geographic,true
BEL,63,Arlon,Luxembourg,geographic,true
BEL,64,La Louviere,Hainaut,geographic,true
BEL,65,Mons,Hainaut,geographic,true
BEL,67,Nivelles,Walloon Brabant,geographic,true
BEL,69,Tournai,Hainaut,geographic,true
BEL,71,Charleroi,Hainaut,geographic,true
BEL,80,Stavelot,Liege,geographic,true
BEL,81,Namur,Namur,geographic,true
BEL,82,Dinant,Namur,geographic,true
BEL,83,Ciney,Namur,geographic,true
BEL,84,Marche-en-Famenne,Luxembourg,geographic,true
BEL,85,Huy,Liege,geographic,true
BEL,86,Durbuy,Luxembourg,geographic,true
BEL,87,Verviers,Liege,geographic,true
BEL,89,Genk,Limburg,geographic,true
BEL,800,Freephone,,toll-free,false
BEL,900,Premium rate,,premium-rate,false
BEL,70,Shared cost,,shared-cost,false
BEL,78,Shared cost,,shared-cost,false
CHE,21,Lausanne,Vaud,geographic,true
CHE,22,Geneva,Geneva,geographic,true
CHE,24,Yverdon/Aigle,Vaud,geographic,true
CHE,26,Fribourg,Fribourg,geographic,true
CHE,27,Sion/Valais,Valais,geographic,true
CHE,31,Bern,Bern,geographic,true
CHE,32,Biel/Neuchatel,Bern/Neuchatel,geographic,true
CHE,33,Thun/Interlaken,Bern,geographic,true
CHE,34,Burgdorf/Langnau,Bern,geographic,true
CHE,41,Lucerne,Lucerne,geographic,true
CHE,43,Zurich,Zurich,geographic,true
CHE,44,Zurich,Zurich,geographic,true
CHE,52,Winterthur/Schaffhausen,Zurich/Schaffhausen,geographic,true
CHE,55,Rapperswil,St. Gallen,geographic,true
CHE,56,Baden,Aargau,geographic,true
CHE,61,Basel,Basel,geographic,true
CHE,62,Olten/Langenthal,Aargau/Solothurn,geographic,true
CHE,71,St. Gallen,St. Gallen,geographic,true
CHE,81,Chur,Graubuenden,geographic,true
CHE,91,Lugano/Bellinzona,Ticino,geographic,true
CHE,76,Mobile - Sunrise,,mobile,false
CHE,77,Mobile - Swisscom,,mobile,false
CHE,78,Mobile - Salt,,mobile,false
CHE,79,Mobile - Swisscom,,mobile,false
CHE,800,Freephone,,toll-free,false
CHE,840,Shared cost,,shared-cost,false
CHE,900,Premium rate,,premium-rate,false
AUT,1,Vienna,Vienna,geographic,true
AUT,316,Graz,Styria,geographic,true
AUT,512,Innsbruck,Tyrol,geographic,true
AUT,662,Salzburg,Salzburg,geographic,true
AUT,732,Linz,Upper Austria,geographic,true
AUT,463,Klagenfurt,Carinthia,geographic,true
AUT,5572,Dornbirn,Vorarlberg,geographic,true
AUT,5574,Bregenz,Vorarlberg,geographic,true
AUT,2742,St. Poelten,Lower Austria,geographic,true
AUT,7252,Wels,Upper Austria,geographic,true
AUT,2622,Wiener Neustadt,Lower Austria,geographic,true
AUT,4242,Villach,Carinthia,geographic,true
AUT,5522,Feldkirch,Vorarlberg,geographic,true
AUT,650,Mobile - A1,,mobile,false
AUT,660,Mobile - Drei,,mobile,false
AUT,664,Mobile - A1,,mobile,false
AUT,676,Mobile - T-Mobile,,mobile,false
AUT,680,Mobile - bob,,mobile,false
AUT,699,Mobile,,mobile,false
AUT,800,Freephone,,toll-free,false
AUT,900,Premium rate,,premium-rate,false
AUT,810,Shared cost,,shared-cost,false
IRL,1,Dublin,Dublin,geographic,true
IRL,21,Cork,Cork,geographic,true
IRL,41,Drogheda,Louth,geographic,true
IRL,42,Dundalk,Louth,geographic,true
IRL,43,Longford,Longford,geographic,true
IRL,44,Mullingar,Westmeath,geographic,true
IRL,45,Naas,Kildare,geographic,true
IRL,46,Navan,Meath,geographic,true
IRL,47,Monaghan,Monaghan,geographic,true
IRL,49,Cavan,Cavan,geographic,true
IRL,51,Waterford,Waterford,geographic,true
IRL,52,Clonmel,Tipperary,geographic,true
IRL,53,Wexford,Wexford,geographic,true
IRL,56,Kilkenny,Kilkenny,geographic,true
IRL,57,Portlaoise/Tullamore,Laois/Offaly,geographic,true
IRL,59,Carlow,Carlow,geographic,true
IRL,61,Limerick,Limerick,geographic,true
IRL,64,Killarney,Kerry,geographic,true
IRL,65,Ennis,Clare,geographic,true
IRL,66,Tralee,Kerry,geographic,true
IRL,71,Sligo,Sligo,geographic,true
IRL,74,Letterkenny,Donegal,geographic,true
IRL,90,Athlone,Westmeath/Roscommon,geographic,true
IRL,91,Galway,Galway,geographic,true
IRL,94,Castlebar,Mayo,geographic,true
IRL,95,Clifden,Galway,geographic,true
IRL,98,Westport,Mayo,geographic,true
IRL,83,Mobile - Three,,mobile,false
IRL,85,Mobile - eir,,mobile,false
IRL,86,Mobile - Vodafone,,mobile,false
IRL,87,Mobile - Vodafone,,mobile,false
IRL,89,Mobile - Three,,mobile,false
IRL,1800,Freephone,,toll-free,false
IRL,1850,Local rate,,shared-cost,false
IRL,1890,Local rate,,shared-cost,false
IRL,818,Universal access,,shared-cost,false
SWE,8,Stockholm,Stockholm,geographic,true
SWE,31,Gothenburg,Vastra Gotaland,geographic,true
SWE,40,Malmo,Skane,geographic,true
SWE,11,Norrkoping,Ostergotland,geographic,true
SWE,13,Linkoping,Ostergotland,geographic,true
SWE,16,Eskilstuna,Sodermanland,geographic,true
SWE,18,Uppsala,Uppsala,geographic,true
SWE,19,Orebro,Orebro,geographic,true
SWE,21,Vasteras,Vastmanland,geographic,true
SWE,23,Falun,Dalarna,geographic,true
SWE,26,Gavle,Gavleborg,geographic,true
SWE,33,Boras,Vastra Gotaland,geographic,true
SWE,35,Halmstad,Halland,geographic,true
SWE,36,Jonkoping,Jonkoping,geographic,true
SWE,42,Helsingborg,Skane,geographic,true
SWE,44,Kristianstad,Skane,geographic,true
SWE,46,Lund,Skane,geographic,true
SWE,54,Karlstad,Varmland,geographic,true
SWE,60,Sundsvall,Vasternorrland,geographic,true
SWE,63,Ostersund,Jamtland,geographic,true
SWE,90,Umea,Vasterbotten,geographic,true
SWE,920,Lulea,Norrbotten,geographic,true
SWE,70,Mobile,,mobile,false
SWE,72,Mobile,,mobile,false
SWE,73,Mobile,,mobile,false
SWE,76,Mobile,,mobile,false
SWE,79,Mobile,,mobile,false
SWE,20,Freephone,,toll-free,false
SWE,900,Premium rate,,premium-rate,false
NOR,2,Oslo/Akershus,Oslo,geographic,true
NOR,3,Southeast Norway,Southeast,geographic,true
NOR,5,Bergen/West Norway,Western,geographic,true
NOR,6,Eastern Norway,Eastern,geographic,true
NOR,7,Trondheim/Central,Central,geographic,true
NOR,4,Mobile,,mobile,false
NOR,9,Mobile,,mobile,false
NOR,800,Freephone,,toll-free,false
NOR,810,Shared cost,,shared-cost,false
NOR,815,Shared cost,,shared-cost,false
DNK,2,Copenhagen/Zealand (geographic),,geographic,true
DNK,3,Copenhagen,,geographic,true
DNK,4,Northern Zealand,,geographic,true
DNK,5,Southern Denmark/Funen,,geographic,true
DNK,6,Southern Jutland,,geographic,true
DNK,7,Southwest Jutland,,geographic,true
DNK,8,Eastern Jutland/Aarhus,,geographic,true
DNK,9,Northern Jutland/Aalborg,,geographic,true
DNK,20,Mobile,,mobile,false
DNK,21,Mobile,,mobile,false
DNK,22,Mobile,,mobile,false
DNK,23,Mobile,,mobile,false
DNK,24,Mobile,,mobile,false
DNK,25,Mobile,,mobile,false
DNK,30,Mobile,,mobile,false
DNK,31,Mobile,,mobile,false
DNK,40,Mobile,,mobile,false
DNK,50,Mobile,,mobile,false
DNK,60,Mobile,,mobile,false
DNK,80,Freephone,,toll-free,false
DNK,90,Premium rate,,premium-rate,false
FIN,9,Helsinki,Uusimaa,geographic,true
FIN,13,Joensuu,North Karelia,geographic,true
FIN,14,Jyvaskyla,Central Finland,geographic,true
FIN,15,Mikkeli,South Savo,geographic,true
FIN,16,Rovaniemi,Lapland,geographic,true
FIN,17,Kuopio,North Savo,geographic,true
FIN,19,Hyvinkaa,Uusimaa,geographic,true
FIN,2,Turku,Southwest Finland,geographic,true
FIN,3,Tampere,Pirkanmaa,geographic,true
FIN,5,Lahti/Kouvola,Paijat-Hame,geographic,true
FIN,6,Vaasa,Ostrobothnia,geographic,true
FIN,8,Oulu,Northern Ostrobothnia,geographic,true
FIN,40,Mobile - Telia,,mobile,false
FIN,44,Mobile - DNA,,mobile,false
FIN,45,Mobile - Elisa,,mobile,false
FIN,50,Mobile - Elisa,,mobile,false
FIN,800,Freephone,,toll-free,false
FIN,600,Shared cost,,shared-cost,false
FIN,700,Premium rate,,premium-rate,false
POL,22,Warsaw,Masovia,geographic,true
POL,12,Krakow,Lesser Poland,geographic,true
POL,32,Katowice,Silesia,geographic,true
POL,42,Lodz,Lodz,geographic,true
POL,52,Bydgoszcz,Kuyavia-Pomerania,geographic,true
POL,56,Torun,Kuyavia-Pomerania,geographic,true
POL,58,Gdansk/Gdynia,Pomerania,geographic,true
POL,61,Poznan,Greater Poland,geographic,true
POL,71,Wroclaw,Lower Silesia,geographic,true
POL,77,Opole,Opole,geographic,true
POL,81,Lublin,Lublin,geographic,true
POL,85,Bialystok,Podlaskie,geographic,true
POL,89,Olsztyn,Warmia-Masuria,geographic,true
POL,91,Szczecin,West Pomerania,geographic,true
POL,13,Krosno,Subcarpathia,geographic,true
POL,14,Tarnow,Lesser Poland,geographic,true
POL,15,Tarnobrzeg,Subcarpathia,geographic,true
POL,16,Przemysl,Subcarpathia,geographic,true
POL,17,Rzeszow,Subcarpathia,geographic,true
POL,18,Nowy Sacz,Lesser Poland,geographic,true
POL,23,Ciechanow,Masovia,geographic,true
POL,24,Plock,Masovia,geographic,true
POL,25,Siedlce,Masovia,geographic,true
POL,29,Ostroleka,Masovia,geographic,true
POL,33,Bielsko-Biala,Silesia,geographic,true
POL,34,Czestochowa,Silesia,geographic,true
POL,41,Kielce,Swietokrzyskie,geographic,true
POL,43,Sieradz,Lodz,geographic,true
POL,44,Piotrkow Trybunalski,Lodz,geographic,true
POL,46,Skierniewice,Lodz,geographic,true
POL,48,Radom,Masovia,geographic,true
POL,54,Wloclawek,Kuyavia-Pomerania,geographic,true
POL,55,Elblag,Warmia-Masuria,geographic,true
POL,59,Slupsk,Pomerania,geographic,true
POL,62,Kalisz,Greater Poland,geographic,true
POL,63,Konin,Greater Poland,geographic,true
POL,65,Leszno,Greater Poland,geographic,true
POL,67,Pila,Greater Poland,geographic,true
POL,68,Zielona Gora,Lubusz,geographic,true
POL,74,Walbrzych,Lower Silesia,geographic,true
POL,75,Jelenia Gora,Lower Silesia,geographic,true
POL,76,Legnica,Lower Silesia,geographic,true
POL,82,Chelm,Lublin,geographic,true
POL,83,Biala Podlaska,Lublin,geographic,true
POL,84,Zamosc,Lublin,geographic,true
POL,86,Lomza,Podlaskie,geographic,true
POL,87,Suwalki,Podlaskie,geographic,true
POL,94,Koszalin,West Pomerania,geographic,true
POL,95,Gorzow Wielkopolski,Lubusz,geographic,true
POL,50,Mobile,,mobile,false
POL,51,Mobile,,mobile,false
POL,53,Mobile,,mobile,false
POL,57,Mobile,,mobile,false
POL,60,Mobile,,mobile,false
POL,66,Mobile,,mobile,false
POL,69,Mobile,,mobile,false
POL,72,Mobile,,mobile,false
POL,73,Mobile,,mobile,false
POL,78,Mobile,,mobile,false
POL,79,Mobile,,mobile,false
POL,80,Freephone,,toll-free,false
POL,700,Premium rate,,premium-rate,false
POL,70,Shared cost,,shared-cost,false
CZE,2,Prague,Prague,geographic,true
CZE,31,Central Bohemia,Central Bohemia,geographic,true
CZE,32,Central Bohemia,Central Bohemia,geographic,true
CZE,35,Karlovy Vary,Karlovy Vary,geographic,true
CZE,37,Plzen,Plzen,geographic,true
CZE,38,South Bohemia,South Bohemia,geographic,true
CZE,41,Usti nad Labem,Usti nad Labem,geographic,true
CZE,46,Pardubice,Pardubice,geographic,true
CZE,47,Usti nad Labem,Usti nad Labem,geographic,true
CZE,48,Liberec,Liberec,geographic,true
CZE,49,Hradec Kralove,Hradec Kralove,geographic,true
CZE,51,Brno,South Moravia,geographic,true
CZE,53,Brno,South Moravia,geographic,true
CZE,54,Brno,South Moravia,geographic,true
CZE,55,Ostrava,Moravia-Silesia,geographic,true
CZE,56,Jihlava,Vysocina,geographic,true
CZE,57,Zlin,Zlin,geographic,true
CZE,58,Olomouc,Olomouc,geographic,true
CZE,59,Ostrava,Moravia-Silesia,geographic,true
CZE,60,Mobile - T-Mobile,,mobile,false
CZE,70,Mobile,,mobile,false
CZE,72,Mobile - O2,,mobile,false
CZE,73,Mobile - T-Mobile,,mobile,false
CZE,77,Mobile - O2,,mobile,false
CZE,79,Mobile - Vodafone,,mobile,false
CZE,800,Freephone,,toll-free,false
CZE,900,Premium rate,,premium-rate,false
CZE,840,Shared cost,,shared-cost,false
HUN,1,Budapest,Budapest,geographic,true
HUN,22,Szekesfehervar,Fejer,geographic,true
HUN,25,Dunaujvaros,Fejer,geographic,true
HUN,26,Szentendre,Pest,geographic,true
HUN,27,Vac,Pest,geographic,true
HUN,28,Godollo,Pest,geographic,true
HUN,32,Salgotarjan,Nograd,geographic,true
HUN,33,Esztergom,Komarom-Esztergom,geographic,true
HUN,34,Tatabanya,Komarom-Esztergom,geographic,true
HUN,36,Eger,Heves,geographic,true
HUN,37,Gyongyos,Heves,geographic,true
HUN,42,Nyiregyhaza,Szabolcs-Szatmar,geographic,true
HUN,46,Miskolc,Borsod-Abauj-Zemplen,geographic,true
HUN,52,Debrecen,Hajdu-Bihar,geographic,true
HUN,56,Szolnok,Jasz-Nagykun-Szolnok,geographic,true
HUN,62,Szeged,Csongrad,geographic,true
HUN,66,Bekescsaba,Bekes,geographic,true
HUN,72,Pecs,Baranya,geographic,true
HUN,74,Szekszard,Tolna,geographic,true
HUN,76,Kecskemet,Bacs-Kiskun,geographic,true
HUN,78,Baja,Bacs-Kiskun,geographic,true
HUN,82,Kaposvar,Somogy,geographic,true
HUN,83,Keszthely,Zala,geographic,true
HUN,84,Siofok,Somogy,geographic,true
HUN,87,Tapolca,Veszprem,geographic,true
HUN,88,Veszprem,Veszprem,geographic,true
HUN,92,Zalaegerszeg,Zala,geographic,true
HUN,93,Nagykanizsa,Zala,geographic,true
HUN,94,Szombathely,Vas,geographic,true
HUN,96,Gyor,Gyor-Moson-Sopron,geographic,true
HUN,99,Sopron,Gyor-Moson-Sopron,geographic,true
HUN,20,Mobile - Telenor,,mobile,false
HUN,30,Mobile - T-Mobile,,mobile,false
HUN,31,Mobile - T-Mobile,,mobile,false
HUN,50,Mobile - Vodafone,,mobile,false
HUN,70,Mobile - Vodafone,,mobile,false
HUN,80,Freephone,,toll-free,false
HUN,90,Premium rate,,premium-rate,false
ROU,21,Bucharest,Bucharest,geographic,true
ROU,31,Bucharest (overlay),Bucharest,geographic,true
ROU,232,Iasi,Iasi,geographic,true
ROU,234,Bacau,Bacau,geographic,true
ROU,236,Galati,Galati,geographic,true
ROU,238,Braila,Braila,geographic,true
ROU,241,Constanta,Constanta,geographic,true
ROU,243,Ploiesti,Prahova,geographic,true
ROU,248,Pitesti,Arges,geographic,true
ROU,251,Craiova,Dolj,geographic,true
ROU,256,Timisoara,Timis,geographic,true
ROU,257,Arad,Arad,geographic,true
ROU,259,Oradea,Bihor,geographic,true
ROU,261,Satu Mare,Satu Mare,geographic,true
ROU,262,Baia Mare,Maramures,geographic,true
ROU,264,Cluj-Napoca,Cluj,geographic,true
ROU,265,Targu Mures,Mures,geographic,true
ROU,268,Brasov,Brasov,geographic,true
ROU,269,Sibiu,Sibiu,geographic,true
ROU,230,Suceava,Suceava,geographic,true
ROU,231,Botosani,Botosani,geographic,true
ROU,233,Piatra Neamt,Neamt,geographic,true
ROU,235,Vaslui,Vaslui,geographic,true
ROU,239,Tulcea,Tulcea,geographic,true
ROU,250,Ramnicu Valcea,Valcea,geographic,true
ROU,252,Drobeta-Turnu Severin,Mehedinti,geographic,true
ROU,253,Targu Jiu,Gorj,geographic,true
ROU,254,Deva,Hunedoara,geographic,true
ROU,255,Alba Iulia,Alba,geographic,true
ROU,260,Zalau,Salaj,geographic,true
ROU,263,Bistrita,Bistrita-Nasaud,geographic,true
ROU,266,Miercurea Ciuc,Harghita,geographic,true
ROU,267,Sfantu Gheorghe,Covasna,geographic,true
ROU,72,Mobile - Vodafone,,mobile,false
ROU,73,Mobile - Orange,,mobile,false
ROU,74,Mobile - Vodafone,,mobile,false
ROU,75,Mobile - Orange,,mobile,false
ROU,76,Mobile - Digi,,mobile,false
ROU,77,Mobile - Telekom,,mobile,false
ROU,78,Mobile - Digi,,mobile,false
ROU,800,Freephone,,toll-free,false
ROU,900,Premium rate,,premium-rate,false
GRC,21,Athens,Attica,geographic,true
GRC,2310,Thessaloniki,Central Macedonia,geographic,true
GRC,241,Larissa,Thessaly,geographic,true
GRC,251,Kavala,Eastern Macedonia,geographic,true
GRC,261,Patras,Western Greece,geographic,true
GRC,271,Tripoli,Peloponnese,geographic,true
GRC,281,Heraklion,Crete,geographic,true
GRC,69,Mobile,,mobile,false
GRC,800,Freephone,,toll-free,false
GRC,801,Shared cost,,shared-cost,false
GRC,901,Premium rate,,premium-rate,false
HRV,1,Zagreb,Zagreb,geographic,true
HRV,20,Dubrovnik,Dubrovnik-Neretva,geographic,true
HRV,21,Split,Split-Dalmatia,geographic,true
HRV,22,Sibenik,Sibenik-Knin,geographic,true
HRV,23,Zadar,Zadar,geographic,true
HRV,31,Osijek,Osijek-Baranja,geographic,true
HRV,32,Vukovar,Vukovar-Srijem,geographic,true
HRV,35,Slavonski Brod,Brod-Posavina,geographic,true
HRV,40,Cakovec,Medimurje,geographic,true
HRV,42,Varazdin,Varazdin,geographic,true
HRV,43,Bjelovar,Bjelovar-Bilogora,geographic,true
HRV,44,Sisak,Sisak-Moslavina,geographic,true
HRV,47,Karlovac,Karlovac,geographic,true
HRV,48,Koprivnica,Koprivnica-Krizevci,geographic,true
HRV,49,Krapina,Krapina-Zagorje,geographic,true
HRV,51,Rijeka,Primorje-Gorski Kotar,geographic,true
HRV,52,Pula,Istria,geographic,true
HRV,53,Gospic,Lika-Senj,geographic,true
HRV,91,Mobile - T-Mobile,,mobile,false
HRV,92,Mobile - Tele2,,mobile,false
HRV,95,Mobile - Tele2,,mobile,false
HRV,98,Mobile - T-Mobile,,mobile,false
HRV,99,Mobile - A1,,mobile,false
HRV,800,Freephone,,toll-free,false
HRV,60,Premium rate,,premium-rate,false
SRB,11,Belgrade,Belgrade,geographic,true
SRB,21,Novi Sad,Vojvodina,geographic,true
SRB,18,Nis,Southern Serbia,geographic,true
SRB,34,Kragujevac,Central Serbia,geographic,true
SRB,36,Kraljevo,Central Serbia,geographic,true
SRB,10,Pirot,Southern Serbia,geographic,true
SRB,12,Pozarevac,Central Serbia,geographic,true
SRB,13,Pancevo,Vojvodina,geographic,true
SRB,14,Valjevo,Central Serbia,geographic,true
SRB,15,Sabac,Central Serbia,geographic,true
SRB,16,Leskovac,Southern Serbia,geographic,true
SRB,17,Vranje,Southern Serbia,geographic,true
SRB,19,Zajecar,Eastern Serbia,geographic,true
SRB,20,Novi Pazar,Central Serbia,geographic,true
SRB,22,Sremska Mitrovica,Vojvodina,geographic,true
SRB,23,Zrenjanin,Vojvodina,geographic,true
SRB,24,Subotica,Vojvodina,geographic,true
SRB,25,Sombor,Vojvodina,geographic,true
SRB,26,Smederevo,Central Serbia,geographic,true
SRB,30,Bor,Eastern Serbia,geographic,true
SRB,31,Uzice,Western Serbia,geographic,true
SRB,32,Cacak,Central Serbia,geographic,true
SRB,35,Jagodina,Central Serbia,geographic,true
SRB,37,Krusevac,Central Serbia,geographic,true
SRB,60,Mobile - Telenor,,mobile,false
SRB,63,Mobile - Telekom,,mobile,false
SRB,64,Mobile - Telekom,,mobile,false
SRB,65,Mobile - Telekom,,mobile,false
SRB,66,Mobile - Telekom,,mobile,false
SRB,68,Mobile - A1,,mobile,false
SRB,69,Mobile - A1,,mobile,false
SRB,800,Freephone,,toll-free,false
SRB,90,Premium rate,,premium-rate,false
BGR,2,Sofia,Sofia,geographic,true
BGR,32,Plovdiv,Plovdiv,geographic,true
BGR,42,Stara Zagora,Stara Zagora,geographic,true
BGR,52,Varna,Varna,geographic,true
BGR,56,Burgas,Burgas,geographic,true
BGR,62,Veliko Tarnovo,Veliko Tarnovo,geographic,true
BGR,64,Pleven,Pleven,geographic,true
BGR,66,Gabrovo,Gabrovo,geographic,true
BGR,73,Blagoevgrad,Blagoevgrad,geographic,true
BGR,82,Ruse,Ruse,geographic,true
BGR,34,Pazardzhik,Pazardzhik,geographic,true
BGR,38,Haskovo,Haskovo,geographic,true
BGR,44,Kardzhali,Kardzhali,geographic,true
BGR,46,Sliven,Sliven,geographic,true
BGR,54,Shumen,Shumen,geographic,true
BGR,58,Dobrich,Dobrich,geographic,true
BGR,68,Lovech,Lovech,geographic,true
BGR,76,Pernik,Pernik,geographic,true
BGR,84,Vidin,Vidin,geographic,true
BGR,94,Vratsa,Vratsa,geographic,true
BGR,87,Mobile - Telenor,,mobile,false
BGR,88,Mobile - A1,,mobile,false
BGR,89,Mobile - Vivacom,,mobile,false
BGR,98,Mobile,,mobile,false
BGR,800,Freephone,,toll-free,false
BGR,900,Premium rate,,premium-rate,false
UKR,44,Kyiv,Kyiv,geographic,true
UKR,32,Lviv,Lviv,geographic,true
UKR,48,Odesa,Odesa,geographic,true
UKR,57,Kharkiv,Kharkiv,geographic,true
UKR,56,Dnipro,Dnipropetrovsk,geographic,true
UKR,61,Zaporizhzhia,Zaporizhzhia,geographic,true
UKR,62,Donetsk,Donetsk,geographic,true
UKR,31,Uzhhorod,Transcarpathia,geographic,true
UKR,33,Rivne,Rivne,geographic,true
UKR,34,Ivano-Frankivsk,Ivano-Frankivsk,geographic,true
UKR,35,Ternopil,Ternopil,geographic,true
UKR,36,Khmelnytskyi,Khmelnytskyi,geographic,true
UKR,37,Chernivtsi,Chernivtsi,geographic,true
UKR,41,Zhytomyr,Zhytomyr,geographic,true
UKR,43,Vinnytsia,Vinnytsia,geographic,true
UKR,46,Chernihiv,Chernihiv,geographic,true
UKR,47,Cherkasy,Cherkasy,geographic,true
UKR,51,Mykolaiv,Mykolaiv,geographic,true
UKR,52,Kirovohrad,Kirovohrad,geographic,true
UKR,53,Poltava,Poltava,geographic,true
UKR,54,Sumy,Sumy,geographic,true
UKR,55,Kherson,Kherson,geographic,true
UKR,64,Luhansk,Luhansk,geographic,true
UKR,65,Crimea/Simferopol,Crimea,geographic,true
UKR,50,Mobile - Vodafone,,mobile,false
UKR,63,Mobile - Lifecell,,mobile,false
UKR,66,Mobile - Vodafone,,mobile,false
UKR,67,Mobile - Kyivstar,,mobile,false
UKR,68,Mobile - Kyivstar,,mobile,false
UKR,73,Mobile - Lifecell,,mobile,false
UKR,93,Mobile - Lifecell,,mobile,false
UKR,95,Mobile - Vodafone,,mobile,false
UKR,96,Mobile - Kyivstar,,mobile,false
UKR,97,Mobile - Kyivstar,,mobile,false
UKR,98,Mobile - Kyivstar,,mobile,false
UKR,99,Mobile - Vodafone,,mobile,false
UKR,800,Freephone,,toll-free,false
UKR,900,Premium rate,,premium-rate,false
SVK,2,Bratislava,Bratislava,geographic,true
SVK,31,Dunajska Streda,Trnava,geographic,true
SVK,32,Trencin,Trencin,geographic,true
SVK,33,Trnava,Trnava,geographic,true
SVK,34,Senica,Trnava,geographic,true
SVK,35,Nove Zamky,Nitra,geographic,true
SVK,37,Nitra,Nitra,geographic,true
SVK,41,Zilina,Zilina,geographic,true
SVK,42,Povazska Bystrica,Trencin,geographic,true
SVK,43,Martin,Zilina,geographic,true
SVK,44,Liptovsky Mikulas,Zilina,geographic,true
SVK,45,Banska Bystrica,Banska Bystrica,geographic,true
SVK,46,Prievidza,Trencin,geographic,true
SVK,48,Banska Bystrica,Banska Bystrica,geographic,true
SVK,51,Presov,Presov,geographic,true
SVK,52,Poprad,Presov,geographic,true
SVK,53,Spisska Nova Ves,Kosice,geographic,true
SVK,55,Kosice,Kosice,geographic,true
SVK,56,Michalovce,Kosice,geographic,true
SVK,57,Humenne,Presov,geographic,true
SVK,58,Roznava,Kosice,geographic,true
SVK,90,Mobile - Orange,,mobile,false
SVK,91,Mobile - T-Mobile,,mobile,false
SVK,92,Mobile - O2,,mobile,false
SVK,94,Mobile,,mobile,false
SVK,800,Freephone,,toll-free,false
SVK,900,Premium rate,,premium-rate,false
SVN,1,Ljubljana,Central Slovenia,geographic,true
SVN,2,Maribor,Styria,geographic,true
SVN,3,Celje,Savinjska,geographic,true
SVN,4,Kranj,Upper Carniola,geographic,true
SVN,5,Koper/Nova Gorica,Coastal-Karst/Goriska,geographic,true
SVN,7,Novo Mesto,Southeast Slovenia,geographic,true
SVN,30,Mobile,,mobile,false
SVN,31,Mobile - Mobitel,,mobile,false
SVN,40,Mobile - A1,,mobile,false
SVN,41,Mobile - Mobitel,,mobile,false
SVN,51,Mobile - Telekom,,mobile,false
SVN,64,Mobile,,mobile,false
SVN,70,Mobile,,mobile,false
SVN,71,Mobile,,mobile,false
SVN,80,Freephone,,toll-free,false
SVN,90,Premium rate,,premium-rate,false
ISL,4,Reykjavik,,geographic,true
ISL,5,Other regions,,geographic,true
ISL,6,Mobile,,mobile,false
ISL,7,Mobile,,mobile,false
ISL,8,Mobile,,mobile,false
ISL,800,Freephone,,toll-free,false
ISL,900,Premium rate,,premium-rate,false
LUX,2,Luxembourg City (landline),,geographic,true
LUX,4,Luxembourg South,,geographic,true
LUX,5,Luxembourg East,,geographic,true
LUX,6,Luxembourg North,,geographic,true
LUX,621,Mobile - POST,,mobile,false
LUX,661,Mobile - Tango,,mobile,false
LUX,691,Mobile - POST,,mobile,false
LUX,800,Freephone,,toll-free,false
LUX,900,Premium rate,,premium-rate,false
EST,2,Tallinn (landline),,geographic,true
EST,3,Northeast Estonia,,geographic,true
EST,4,West Estonia,,geographic,true
EST,5,Mobile,,mobile,false
EST,800,Freephone,,toll-free,false
EST,900,Premium rate,,premium-rate,false
LVA,6,Riga/landline,,geographic,true
LVA,2,Mobile,,mobile,false
LVA,800,Freephone,,toll-free,false
LVA,900,Premium rate,,premium-rate,false
LTU,5,Vilnius,Vilnius,geographic,true
LTU,37,Kaunas,Kaunas,geographic,true
LTU,46,Klaipeda,Klaipeda,geographic,true
LTU,41,Siauliai,Siauliai,geographic,true
LTU,45,Panevezys,Panevezys,geographic,true
LTU,6,Mobile,,mobile,false
LTU,800,Freephone,,toll-free,false
LTU,900,Premium rate,,premium-rate,false
MDA,22,Chisinau,Chisinau,geographic,true
MDA,231,Balti,Balti,geographic,true
MDA,236,Ungheni,Ungheni,geographic,true
MDA,241,Cimislia,Cimislia,geographic,true
MDA,254,Drochia,Drochia,geographic,true
MDA,265,Soroca,Soroca,geographic,true
MDA,6,Mobile,,mobile,false
MDA,7,Mobile,,mobile,false
MDA,800,Freephone,,toll-free,false
BIH,33,Sarajevo,Federation of BiH,geographic,true
BIH,51,Banja Luka,Republika Srpska,geographic,true
BIH,35,Tuzla,Federation of BiH,geographic,true
BIH,36,Mostar,Federation of BiH,geographic,true
BIH,37,Zenica,Federation of BiH,geographic,true
BIH,38,Gorazde,Federation of BiH,geographic,true
BIH,39,Siroki Brijeg,Federation of BiH,geographic,true
BIH,30,Central BiH,Federation of BiH,geographic,true
BIH,31,Northeast BiH,Federation of BiH,geographic,true
BIH,32,Central BiH,Federation of BiH,geographic,true
BIH,34,Livno,Federation of BiH,geographic,true
BIH,49,South BiH,Federation of BiH,geographic,true
BIH,50,Republika Srpska,Republika Srpska,geographic,true
BIH,52,Prijedor,Republika Srpska,geographic,true
BIH,53,Doboj,Republika Srpska,geographic,true
BIH,54,East Sarajevo,Republika Srpska,geographic,true
BIH,55,Bijeljina,Republika Srpska,geographic,true
BIH,56,Foca,Republika Srpska,geographic,true
BIH,57,Trebinje,Republika Srpska,geographic,true
BIH,58,Vlasenica,Republika Srpska,geographic,true
BIH,59,Trebinje,Republika Srpska,geographic,true
BIH,60,Mobile - BH Telecom,,mobile,false
BIH,61,Mobile - BH Telecom,,mobile,false
BIH,62,Mobile - BH Telecom,,mobile,false
BIH,63,Mobile - m:tel,,mobile,false
BIH,65,Mobile - m:tel,,mobile,false
BIH,66,Mobile - HT Eronet,,mobile,false
BIH,800,Freephone,,toll-free,false
BIH,90,Premium rate,,premium-rate,false
MNE,20,Podgorica,Podgorica,geographic,true
MNE,30,Niksic,Niksic,geographic,true
MNE,31,Herceg Novi,Herceg Novi,geographic,true
MNE,32,Kotor,Kotor,geographic,true
MNE,33,Cetinje,Cetinje,geographic,true
MNE,40,Bar,Bar,geographic,true
MNE,41,Ulcinj,Ulcinj,geographic,true
MNE,50,Bijelo Polje,Bijelo Polje,geographic,true
MNE,51,Berane,Berane,geographic,true
MNE,52,Pljevlja,Pljevlja,geographic,true
MNE,63,Mobile - Crnogorski Telekom,,mobile,false
MNE,67,Mobile - Telenor,,mobile,false
MNE,68,Mobile - m:tel,,mobile,false
MNE,69,Mobile - Crnogorski Telekom,,mobile,false
MNE,800,Freephone,,toll-free,false
MNE,90,Premium rate,,premium-rate,false
MKD,2,Skopje,Skopje,geographic,true
MKD,31,Kumanovo,Northeastern,geographic,true
MKD,32,Stip,Eastern,geographic,true
MKD,33,Kocani,Eastern,geographic,true
MKD,34,Gevgelija,Southeastern,geographic,true
MKD,42,Gostivar,Polog,geographic,true
MKD,43,Veles,Vardar,geographic,true
MKD,44,Strumica,Southeastern,geographic,true
MKD,45,Kicevo,Southwestern,geographic,true
MKD,46,Ohrid,Southwestern,geographic,true
MKD,47,Bitola,Pelagonia,geographic,true
MKD,48,Prilep,Pelagonia,geographic,true
MKD,70,Mobile - T-Mobile,,mobile,false
MKD,71,Mobile - T-Mobile,,mobile,false
MKD,72,Mobile - Vip (A1),,mobile,false
MKD,75,Mobile - A1,,mobile,false
MKD,76,Mobile - A1,,mobile,false
MKD,77,Mobile - Lycamobile,,mobile,false
MKD,78,Mobile - A1,,mobile,false
MKD,800,Freephone,,toll-free,false
ALB,4,Tirana,Tirana,geographic,true
ALB,52,Durres,Durres,geographic,true
ALB,54,Elbasan,Elbasan,geographic,true
ALB,82,Korce,Korce,geographic,true
ALB,84,Permet,Gjirokaster,geographic,true
ALB,83,Gjirokaster,Gjirokaster,geographic,true
ALB,32,Berat,Berat,geographic,true
ALB,22,Shkoder,Shkoder,geographic,true
ALB,242,Sarande,Vlore,geographic,true
ALB,33,Vlore,Vlore,geographic,true
ALB,215,Lezhe,Lezhe,geographic,true
ALB,48,Pogradec,Korce,geographic,true
ALB,811,Tropoje,Kukes,geographic,true
ALB,66,Mobile - Vodafone,,mobile,false
ALB,67,Mobile - Telekom Albania,,mobile,false
ALB,68,Mobile - ALBtelecom,,mobile,false
ALB,69,Mobile - Plus (Eagle Mobile),,mobile,false
ALB,800,Freephone,,toll-free,false
ALB,900,Premium rate,,premium-rate,false
XKX,38,Pristina,Pristina,geographic,true
XKX,39,Prizren,Prizren,geographic,true
XKX,28,Mitrovica,Mitrovica,geographic,true
XKX,29,Pec/Peja,Pec,geographic,true
XKX,280,Gjilan,Gjilan,geographic,true
XKX,290,Ferizaj,Ferizaj,geographic,true
XKX,43,Mobile - IPKO,,mobile,false
XKX,44,Mobile - Vala,,mobile,false
XKX,45,Mobile - Z Mobile,,mobile,false
XKX,49,Mobile,,mobile,false
MCO,9,Monaco landline,,geographic,true
MCO,4,Mobile,,mobile,false
MCO,6,Mobile,,mobile,false
MCO,800,Freephone,,toll-free,false
MCO,90,Premium rate,,premium-rate,false
AND,7,Andorra landline,,geographic,true
AND,8,Andorra landline,,geographic,true
AND,3,Mobile,,mobile,false
AND,6,Mobile,,mobile,false
SMR,0549,San Marino landline,,geographic,true
SMR,6,Mobile,,mobile,false
LIE,2,Liechtenstein landline,,geographic,true
LIE,6,Mobile,,mobile,false
LIE,7,Mobile,,mobile,false
MLT,21,Malta landline,,geographic,true
MLT,22,Malta landline (Gozo),,geographic,true
MLT,27,Malta VoIP,,voip,false
MLT,77,Mobile - GO,,mobile,false
MLT,79,Mobile - Vodafone,,mobile,false
MLT,99,Mobile - Melita,,mobile,false
MLT,800,Freephone,,toll-free,false
CYP,22,Nicosia,Nicosia,geographic,true
CYP,23,Famagusta/Larnaca,Famagusta,geographic,true
CYP,24,Larnaca,Larnaca,geographic,true
CYP,25,Limassol,Limassol,geographic,true
CYP,26,Paphos,Paphos,geographic,true
CYP,94,Mobile - MTN,,mobile,false
CYP,95,Mobile - Primetel,,mobile,false
CYP,96,Mobile - Cyta,,mobile,false
CYP,97,Mobile - Epic,,mobile,false
CYP,99,Mobile - Cyta,,mobile,false
CYP,800,Freephone,,toll-free,false
CYP,900,Premium rate,,premium-rate,false
GTM,2,Guatemala City,Guatemala,geographic,true
GTM,6,Quetzaltenango/Western Highlands,Quetzaltenango,geographic,true
GTM,7,Eastern Guatemala/Peten,Eastern,geographic,true
GTM,9,Northern/Southern regions,Various,geographic,true
GTM,3,Mobile,,mobile,false
GTM,4,Mobile,,mobile,false
GTM,5,Mobile,,mobile,false
GTM,1800,Freephone,,toll-free,false
BLZ,2,Belize City,Belize District,geographic,true
BLZ,22,Belize City,Belize District,geographic,true
BLZ,3,Belmopan/Cayo,Cayo,geographic,true
BLZ,4,Orange Walk/Corozal,Northern,geographic,true
BLZ,5,Stann Creek/Toledo,Southern,geographic,true
BLZ,7,San Pedro/Ambergris Caye,Islands,geographic,true
BLZ,6,Mobile,,mobile,false
BLZ,800,Freephone,,toll-free,false
SLV,2,San Salvador metropolitan,San Salvador,geographic,true
SLV,21,San Salvador,San Salvador,geographic,true
SLV,22,San Salvador,San Salvador,geographic,true
SLV,23,La Libertad,La Libertad,geographic,true
SLV,24,Chalatenango,Chalatenango,geographic,true
SLV,25,Cuscatlan/Cabanas,Cuscatlan,geographic,true
SLV,26,San Vicente/La Paz,San Vicente,geographic,true
SLV,27,Usulutan/San Miguel,Eastern,geographic,true
SLV,28,Sonsonate/Ahuachapan,Western,geographic,true
SLV,29,Santa Ana,Santa Ana,geographic,true
SLV,6,Mobile - Various,,mobile,false
SLV,7,Mobile - Various,,mobile,false
SLV,800,Freephone,,toll-free,false
SLV,900,Premium rate,,premium-rate,false
HND,2,Tegucigalpa/Central,Francisco Morazan,geographic,true
HND,22,Tegucigalpa,Francisco Morazan,geographic,true
HND,23,Comayagua/La Paz,Comayagua,geographic,true
HND,24,Choluteca/El Paraiso,Southern,geographic,true
HND,25,Olancho,Olancho,geographic,true
HND,26,Santa Barbara/Copan,Western,geographic,true
HND,27,Lempira/Intibuca,Western Highlands,geographic,true
HND,4,San Pedro Sula/North Coast,Cortes,geographic,true
HND,43,San Pedro Sula,Cortes,geographic,true
HND,44,La Ceiba/Atlantida,Atlantida,geographic,true
HND,45,Tela,Atlantida,geographic,true
HND,3,Mobile - Tigo,,mobile,false
HND,7,Mobile,,mobile,false
HND,8,Mobile - Claro,,mobile,false
HND,9,Mobile - Tigo/Claro,,mobile,false
HND,800,Freephone,,toll-free,false
NIC,2,Managua,Managua,geographic,true
NIC,22,Managua,Managua,geographic,true
NIC,23,Masaya/Granada,Masaya,geographic,true
NIC,24,Carazo/Rivas,Carazo,geographic,true
NIC,25,Leon,Leon,geographic,true
NIC,27,Matagalpa/Jinotega,Matagalpa,geographic,true
NIC,28,Esteli/Madriz,Esteli,geographic,true
NIC,31,Chinandega,Chinandega,geographic,true
NIC,32,Chontales/Boaco,Chontales,geographic,true
NIC,34,Bluefields/RAAS,Caribbean Coast,geographic,true
NIC,5,Mobile,,mobile,false
NIC,7,Mobile,,mobile,false
NIC,8,Mobile,,mobile,false
NIC,1800,Freephone,,toll-free,false
CRI,2,Landline - All regions,Various,geographic,true
CRI,22,San Jose metropolitan,San Jose,geographic,true
CRI,23,San Jose/Heredia,San Jose/Heredia,geographic,true
CRI,24,Alajuela,Alajuela,geographic,true
CRI,25,Cartago,Cartago,geographic,true
CRI,26,Guanacaste/Puntarenas,Northwestern,geographic,true
CRI,27,Limon/Caribbean Coast,Limon,geographic,true
CRI,5,Mobile - ICE/Kolbi,,mobile,false
CRI,6,Mobile - Movistar/Claro,,mobile,false
CRI,7,Mobile - Claro,,mobile,false
CRI,8,Mobile - Various,,mobile,false
CRI,800,Freephone,,toll-free,false
CRI,900,Premium rate,,premium-rate,false
PAN,2,Panama City,Panama,geographic,true
PAN,3,Colon/Darien,Colon,geographic,true
PAN,6,Mobile,,mobile,false
PAN,800,Freephone,,toll-free,false
PAN,900,Premium rate,,premium-rate,false
PAN,9,Bocas del Toro/Chiriqui,Western,geographic,true
PAN,7,Chiriqui/Veraguas,Western,geographic,true
COL,1,Bogota,Cundinamarca,geographic,true
COL,2,Cali/Valle del Cauca,Valle del Cauca,geographic,true
COL,4,Medellin/Antioquia,Antioquia,geographic,true
COL,5,Barranquilla/Atlantic Coast,Atlantico,geographic,true
COL,6,Manizales/Coffee Region,Caldas,geographic,true
COL,7,Bucaramanga/Santander,Santander,geographic,true
COL,8,Boyaca/Casanare/Arauca,Boyaca,geographic,true
COL,300,Mobile - Claro,,mobile,false
COL,301,Mobile - Claro,,mobile,false
COL,302,Mobile - Claro,,mobile,false
COL,303,Mobile - Claro,,mobile,false
COL,304,Mobile - Claro,,mobile,false
COL,305,Mobile - Claro,,mobile,false
COL,310,Mobile - Tigo,,mobile,false
COL,311,Mobile - Tigo,,mobile,false
COL,312,Mobile - Tigo,,mobile,false
COL,313,Mobile - Tigo,,mobile,false
COL,314,Mobile - Tigo,,mobile,false
COL,315,Mobile - Movistar,,mobile,false
COL,316,Mobile - Movistar,,mobile,false
COL,317,Mobile - Movistar,,mobile,false
COL,318,Mobile - Movistar,,mobile,false
COL,319,Mobile - Movistar,,mobile,false
COL,320,Mobile - Tigo,,mobile,false
COL,321,Mobile - Tigo,,mobile,false
COL,322,Mobile - Tigo,,mobile,false
COL,323,Mobile - Movistar,,mobile,false
COL,350,Mobile - Various,,mobile,false
COL,800,Freephone,,toll-free,false
COL,900,Premium rate,,premium-rate,false
COL,901,Premium rate,,premium-rate,false
VEN,212,Caracas,Capital District,geographic,true
VEN,241,Valencia,Carabobo,geographic,true
VEN,242,Maracay (overlay),Aragua,geographic,true
VEN,243,Maracay,Aragua,geographic,true
VEN,244,Maracay (overlay),Aragua,geographic,true
VEN,245,La Victoria,Aragua,geographic,true
VEN,246,Cagua,Aragua,geographic,true
VEN,251,Barquisimeto,Lara,geographic,true
VEN,252,Boca de Uchire,Anzoategui,geographic,true
VEN,253,Acarigua,Portuguesa,geographic,true
VEN,254,Guanare,Portuguesa,geographic,true
VEN,255,San Felipe,Yaracuy,geographic,true
VEN,256,San Carlos,Cojedes,geographic,true
VEN,257,Barinas,Barinas,geographic,true
VEN,258,Coro,Falcon,geographic,true
VEN,259,Punto Fijo,Falcon,geographic,true
VEN,261,Maracaibo,Zulia,geographic,true
VEN,262,Cabimas,Zulia,geographic,true
VEN,263,Machiques,Zulia,geographic,true
VEN,264,Ciudad Ojeda,Zulia,geographic,true
VEN,265,San Cristobal (overlay),Tachira,geographic,true
VEN,266,Merida (overlay),Merida,geographic,true
VEN,271,Valera,Trujillo,geographic,true
VEN,272,Trujillo,Trujillo,geographic,true
VEN,273,Bocono,Trujillo,geographic,true
VEN,274,Merida,Merida,geographic,true
VEN,275,Tovar,Merida,geographic,true
VEN,276,San Cristobal,Tachira,geographic,true
VEN,277,San Antonio del Tachira,Tachira,geographic,true
VEN,278,Tachira (overlay),Tachira,geographic,true
VEN,281,Puerto La Cruz/Barcelona,Anzoategui,geographic,true
VEN,282,Anaco,Anzoategui,geographic,true
VEN,283,El Tigre,Anzoategui,geographic,true
VEN,284,Puerto Ordaz/Ciudad Guayana,Bolivar,geographic,true
VEN,285,Ciudad Bolivar,Bolivar,geographic,true
VEN,286,Upata,Bolivar,geographic,true
VEN,287,Tucupita,Delta Amacuro,geographic,true
VEN,288,Puerto Ayacucho,Amazonas,geographic,true
VEN,291,Cumana,Sucre,geographic,true
VEN,292,Carupano,Sucre,geographic,true
VEN,293,Porlamar/Isla Margarita,Nueva Esparta,geographic,true
VEN,294,Valle de la Pascua,Guarico,geographic,true
VEN,295,Porlamar (overlay),Nueva Esparta,geographic,true
VEN,412,Mobile - Digitel,,mobile,false
VEN,414,Mobile - Movistar,,mobile,false
VEN,416,Mobile - Movistar,,mobile,false
VEN,424,Mobile - Movistar,,mobile,false
VEN,426,Mobile - Digitel,,mobile,false
VEN,800,Freephone,,toll-free,false
VEN,900,Premium rate,,premium-rate,false
ECU,2,Quito/Northern Highlands,Pichincha,geographic,true
ECU,3,Ambato/Central Highlands,Tungurahua,geographic,true
ECU,4,Guayaquil/Coastal,Guayas,geographic,true
ECU,5,Portoviejo/Manabi Coast,Manabi,geographic,true
ECU,6,Esmeraldas/Northern Coast,Esmeraldas,geographic,true
ECU,7,Cuenca/Southern Highlands,Azuay,geographic,true
ECU,9,Mobile,,mobile,false
ECU,96,Mobile - Claro,,mobile,false
ECU,97,Mobile - Movistar,,mobile,false
ECU,98,Mobile - Claro,,mobile,false
ECU,99,Mobile - Movistar,,mobile,false
ECU,800,Freephone,,toll-free,false
ECU,1700,Shared cost,,shared-cost,false
ECU,900,Premium rate,,premium-rate,false
PER,1,Lima/Callao,Lima,geographic,true
PER,41,Arequipa,Arequipa,geographic,true
PER,42,Huancavelica,Huancavelica,geographic,true
PER,43,Huaraz/Ancash,Ancash,geographic,true
PER,44,Trujillo/La Libertad,La Libertad,geographic,true
PER,51,Ica,Ica,geographic,true
PER,52,Tacna,Tacna,geographic,true
PER,53,Moquegua,Moquegua,geographic,true
PER,54,Arequipa,Arequipa,geographic,true
PER,56,Ica,Ica,geographic,true
PER,61,Ucayali/Pucallpa,Ucayali,geographic,true
PER,62,Huanuco,Huanuco,geographic,true
PER,63,Pasco,Pasco,geographic,true
PER,64,Huancayo/Junin,Junin,geographic,true
PER,65,Iquitos/Loreto,Loreto,geographic,true
PER,66,Ayacucho,Ayacucho,geographic,true
PER,67,Abancay/Apurimac,Apurimac,geographic,true
PER,72,Huancavelica (overlay),Huancavelica,geographic,true
PER,73,Piura,Piura,geographic,true
PER,74,Chiclayo/Lambayeque,Lambayeque,geographic,true
PER,76,Cajamarca,Cajamarca,geographic,true
PER,82,Madre de Dios,Madre de Dios,geographic,true
PER,83,Apurimac (overlay),Apurimac,geographic,true
PER,84,Cusco,Cusco,geographic,true
PER,9,Mobile (9xx),,mobile,false
PER,800,Freephone,,toll-free,false
PER,801,Shared cost,,shared-cost,false
PER,900,Premium rate,,premium-rate,false
BOL,2,La Paz/Oruro,La Paz,geographic,true
BOL,3,Santa Cruz/Beni/Pando,Santa Cruz,geographic,true
BOL,4,Cochabamba/Sucre/Potosi/Tarija,Cochabamba,geographic,true
BOL,6,Mobile - Tigo,,mobile,false
BOL,7,Mobile - Entel/Viva,,mobile,false
BOL,800,Freephone,,toll-free,false
BOL,900,Premium rate,,premium-rate,false
CHL,2,Santiago,Santiago Metropolitan,geographic,true
CHL,32,Valparaiso,Valparaiso,geographic,true
CHL,33,Quillota/La Calera,Valparaiso,geographic,true
CHL,34,San Felipe/Los Andes,Valparaiso,geographic,true
CHL,35,San Antonio,Valparaiso,geographic,true
CHL,41,Concepcion,Biobio,geographic,true
CHL,42,Chillan,Nuble,geographic,true
CHL,43,Los Angeles,Biobio,geographic,true
CHL,45,Temuco,Araucania,geographic,true
CHL,51,La Serena/Coquimbo,Coquimbo,geographic,true
CHL,52,Copiapo,Atacama,geographic,true
CHL,53,Ovalle,Coquimbo,geographic,true
CHL,55,Antofagasta,Antofagasta,geographic,true
CHL,57,Iquique,Tarapaca,geographic,true
CHL,58,Arica,Arica y Parinacota,geographic,true
CHL,61,Punta Arenas,Magallanes,geographic,true
CHL,63,Valdivia,Los Rios,geographic,true
CHL,64,Osorno,Los Lagos,geographic,true
CHL,65,Puerto Montt,Los Lagos,geographic,true
CHL,67,Coyhaique,Aysen,geographic,true
CHL,71,Talca,Maule,geographic,true
CHL,72,Rancagua,O'Higgins,geographic,true
CHL,73,Linares,Maule,geographic,true
CHL,75,Curico,Maule,geographic,true
CHL,9,Mobile,,mobile,false
CHL,800,Freephone,,toll-free,false
CHL,600,Shared cost,,shared-cost,false
CHL,700,Premium rate,,premium-rate,false
ARG,11,Buenos Aires,Buenos Aires,geographic,true
ARG,220,Merlo/Moreno,Buenos Aires Province,geographic,true
ARG,221,La Plata,Buenos Aires Province,geographic,true
ARG,223,Mar del Plata,Buenos Aires Province,geographic,true
ARG,230,Pilar,Buenos Aires Province,geographic,true
ARG,231,Junin,Buenos Aires Province,geographic,true
ARG,236,Junin (overlay),Buenos Aires Province,geographic,true
ARG,237,Moreno,Buenos Aires Province,geographic,true
ARG,249,Tandil,Buenos Aires Province,geographic,true
ARG,260,San Rafael,Mendoza,geographic,true
ARG,261,Mendoza,Mendoza,geographic,true
ARG,262,Tunuyan,Mendoza,geographic,true
ARG,263,San Martin (Mza),Mendoza,geographic,true
ARG,264,San Juan,San Juan,geographic,true
ARG,266,San Luis,San Luis,geographic,true
ARG,280,Rawson/Trelew,Chubut,geographic,true
ARG,281,Puerto Madryn (overlay),Chubut,geographic,true
ARG,291,Bahia Blanca,Buenos Aires Province,geographic,true
ARG,294,Bariloche,Rio Negro,geographic,true
ARG,297,Comodoro Rivadavia,Chubut,geographic,true
ARG,298,Neuquen (overlay),Neuquen,geographic,true
ARG,299,Neuquen,Neuquen,geographic,true
ARG,341,Rosario,Santa Fe,geographic,true
ARG,342,Santa Fe (city),Santa Fe,geographic,true
ARG,343,Parana,Entre Rios,geographic,true
ARG,345,Concordia,Entre Rios,geographic,true
ARG,348,Reconquista,Santa Fe,geographic,true
ARG,351,Cordoba,Cordoba,geographic,true
ARG,353,Villa Maria,Cordoba,geographic,true
ARG,358,Rio Cuarto,Cordoba,geographic,true
ARG,362,Resistencia,Chaco,geographic,true
ARG,364,Presidencia Roque Saenz Pena,Chaco,geographic,true
ARG,370,Formosa,Formosa,geographic,true
ARG,376,Posadas,Misiones,geographic,true
ARG,379,Corrientes,Corrientes,geographic,true
ARG,380,La Rioja,La Rioja,geographic,true
ARG,381,San Miguel de Tucuman,Tucuman,geographic,true
ARG,383,Catamarca,Catamarca,geographic,true
ARG,385,Santiago del Estero,Santiago del Estero,geographic,true
ARG,387,Salta,Salta,geographic,true
ARG,388,San Salvador de Jujuy,Jujuy,geographic,true
ARG,2901,Ushuaia,Tierra del Fuego,geographic,true
ARG,2902,Rio Gallegos,Santa Cruz,geographic,true
ARG,2920,Viedma,Rio Negro,geographic,true
ARG,2944,Bariloche (overlay),Rio Negro,geographic,true
ARG,2966,Rio Gallegos (overlay),Santa Cruz,geographic,true
ARG,9,Mobile prefix (prepended to area code),,mobile,false
ARG,800,Freephone,,toll-free,false
ARG,810,Shared cost,,shared-cost,false
ARG,900,Premium rate,,premium-rate,false
BRA,11,Sao Paulo,Sao Paulo,geographic,true
BRA,12,Sao Jose dos Campos/Taubate,Sao Paulo,geographic,true
BRA,13,Santos/Sao Vicente,Sao Paulo,geographic,true
BRA,14,Bauru/Marilia,Sao Paulo,geographic,true
BRA,15,Sorocaba/Itapetininga,Sao Paulo,geographic,true
BRA,16,Ribeirao Preto/Araraquara,Sao Paulo,geographic,true
BRA,17,Sao Jose do Rio Preto,Sao Paulo,geographic,true
BRA,18,Presidente Prudente/Aracatuba,Sao Paulo,geographic,true
BRA,19,Campinas/Piracicaba,Sao Paulo,geographic,true
BRA,21,Rio de Janeiro,Rio de Janeiro,geographic,true
BRA,22,Campos dos Goytacazes/Nova Friburgo,Rio de Janeiro,geographic,true
BRA,24,Volta Redonda/Petropolis,Rio de Janeiro,geographic,true
BRA,27,Vitoria/Vila Velha,Espirito Santo,geographic,true
BRA,28,Cachoeiro de Itapemirim,Espirito Santo,geographic,true
BRA,31,Belo Horizonte,Minas Gerais,geographic,true
BRA,32,Juiz de Fora,Minas Gerais,geographic,true
BRA,33,Governador Valadares,Minas Gerais,geographic,true
BRA,34,Uberlandia/Uberaba,Minas Gerais,geographic,true
BRA,35,Pocos de Caldas/Varginha,Minas Gerais,geographic,true
BRA,37,Divinopolis/Itauna,Minas Gerais,geographic,true
BRA,38,Montes Claros,Minas Gerais,geographic,true
BRA,41,Curitiba,Parana,geographic,true
BRA,42,Ponta Grossa/Guarapuava,Parana,geographic,true
BRA,43,Londrina/Apucarana,Parana,geographic,true
BRA,44,Maringa/Umuarama,Parana,geographic,true
BRA,45,Foz do Iguacu/Cascavel,Parana,geographic,true
BRA,46,Pato Branco/Francisco Beltrao,Parana,geographic,true
BRA,47,Joinville/Blumenau,Santa Catarina,geographic,true
BRA,48,Florianopolis/Criciuma,Santa Catarina,geographic,true
BRA,49,Chapeco/Lages,Santa Catarina,geographic,true
BRA,51,Porto Alegre,Rio Grande do Sul,geographic,true
BRA,53,Pelotas/Rio Grande,Rio Grande do Sul,geographic,true
BRA,54,Caxias do Sul/Passo Fundo,Rio Grande do Sul,geographic,true
BRA,55,Santa Maria/Uruguaiana,Rio Grande do Sul,geographic,true
BRA,61,Brasilia,Distrito Federal,geographic,true
BRA,62,Goiania,Goias,geographic,true
BRA,63,Palmas,Tocantins,geographic,true
BRA,64,Rio Verde/Itumbiara,Goias,geographic,true
BRA,65,Cuiaba,Mato Grosso,geographic,true
BRA,66,Rondonopolis/Sinop,Mato Grosso,geographic,true
BRA,67,Campo Grande/Dourados,Mato Grosso do Sul,geographic,true
BRA,68,Rio Branco,Acre,geographic,true
BRA,69,Porto Velho,Rondonia,geographic,true
BRA,71,Salvador,Bahia,geographic,true
BRA,73,Ilheus/Itabuna,Bahia,geographic,true
BRA,74,Juazeiro,Bahia,geographic,true
BRA,75,Feira de Santana/Alagoinhas,Bahia,geographic,true
BRA,77,Vitoria da Conquista/Barreiras,Bahia,geographic,true
BRA,79,Aracaju,Sergipe,geographic,true
BRA,81,Recife,Pernambuco,geographic,true
BRA,82,Maceio,Alagoas,geographic,true
BRA,83,Joao Pessoa/Campina Grande,Paraiba,geographic,true
BRA,84,Natal,Rio Grande do Norte,geographic,true
BRA,85,Fortaleza,Ceara,geographic,true
BRA,86,Teresina,Piaui,geographic,true
BRA,87,Petrolina/Garanhuns,Pernambuco,geographic,true
BRA,88,Juazeiro do Norte/Sobral,Ceara,geographic,true
BRA,89,Picos/Floriano,Piaui,geographic,true
BRA,91,Belem,Para,geographic,true
BRA,92,Manaus,Amazonas,geographic,true
BRA,93,Santarem/Altamira,Para,geographic,true
BRA,94,Maraba,Para,geographic,true
BRA,95,Boa Vista,Roraima,geographic,true
BRA,96,Macapa,Amapa,geographic,true
BRA,97,Manaus (overlay)/Tefé,Amazonas,geographic,true
BRA,98,Sao Luis,Maranhao,geographic,true
BRA,99,Imperatriz/Caxias,Maranhao,geographic,true
BRA,800,Freephone,,toll-free,false
BRA,300,Shared cost,,shared-cost,false
BRA,400,Shared cost (local),,shared-cost,false
BRA,900,Premium rate,,premium-rate,false
BRA,9,Mobile prefix (9xxxx-xxxx within each area code),,mobile,false
URY,2,Montevideo,Montevideo,geographic,true
URY,42,Maldonado/Punta del Este,Maldonado,geographic,true
URY,43,Minas/Lavalleja,Lavalleja,geographic,true
URY,44,Paysandu,Paysandu,geographic,true
URY,45,Salto,Salto,geographic,true
URY,47,Rivera,Rivera,geographic,true
URY,52,Rocha,Rocha,geographic,true
URY,53,Treinta y Tres,Treinta y Tres,geographic,true
URY,54,Florida,Florida,geographic,true
URY,55,Durazno,Durazno,geographic,true
URY,56,Mercedes/Soriano,Soriano,geographic,true
URY,57,San Jose,San Jose,geographic,true
URY,58,Colonia del Sacramento,Colonia,geographic,true
URY,59,Young/Rio Negro,Rio Negro,geographic,true
URY,62,Tacuarembo,Tacuarembo,geographic,true
URY,64,Trinidad/Flores,Flores,geographic,true
URY,72,Canelones (south),Canelones,geographic,true
URY,73,Canelones (north),Canelones,geographic,true
URY,9,Mobile,,mobile,false
URY,800,Freephone,,toll-free,false
URY,900,Premium rate,,premium-rate,false
URY,405,Shared cost,,shared-cost,false
PRY,21,Asuncion,Central,geographic,true
PRY,31,Concepcion,Concepcion,geographic,true
PRY,32,Pedro Juan Caballero,Amambay,geographic,true
PRY,33,San Pedro,San Pedro,geographic,true
PRY,36,Coronel Oviedo,Caaguazu,geographic,true
PRY,38,Caazapa,Caazapa,geographic,true
PRY,39,Villarrica,Guaira,geographic,true
PRY,41,Encarnacion,Itapua,geographic,true
PRY,44,Pilar,Neembucu,geographic,true
PRY,46,Paraguari,Paraguari,geographic,true
PRY,47,Caacupe,Cordillera,geographic,true
PRY,48,Misiones,Misiones,geographic,true
PRY,61,Ciudad del Este,Alto Parana,geographic,true
PRY,71,Filadelfia/Chaco,Boqueron,geographic,true
PRY,81,Benjamin Aceval,Presidente Hayes,geographic,true
PRY,528,San Lorenzo (overlay),Central,geographic,true
PRY,531,Luque,Central,geographic,true
PRY,96,Mobile - Tigo,,mobile,false
PRY,97,Mobile - Claro,,mobile,false
PRY,98,Mobile - Personal,,mobile,false
PRY,99,Mobile - Various,,mobile,false
PRY,800,Freephone,,toll-free,false
PRY,900,Premium rate,,premium-rate,false
GUY,2,Georgetown/Demerara,Demerara-Mahaica,geographic,true
GUY,22,Georgetown,Demerara-Mahaica,geographic,true
GUY,23,Georgetown,Demerara-Mahaica,geographic,true
GUY,26,East Coast Demerara,Demerara-Mahaica,geographic,true
GUY,27,West Coast Berbice,Mahaica-Berbice,geographic,true
GUY,31,Linden,Upper Demerara,geographic,true
GUY,32,New Amsterdam,East Berbice,geographic,true
GUY,33,Berbice,East Berbice,geographic,true
GUY,44,Bartica,Cuyuni-Mazaruni,geographic,true
GUY,6,Mobile,,mobile,false
GUY,7,Mobile,,mobile,false
SUR,4,Paramaribo landline,Paramaribo,geographic,true
SUR,5,Districts landline,Various,geographic,true
SUR,7,Mobile - Digicel,,mobile,false
SUR,8,Mobile - Telesur,,mobile,false
GUF,594,French Guiana landline,French Guiana,geographic,true
GUF,694,Mobile,,mobile,false
CUB,7,Havana (La Habana),Havana,geographic,true
CUB,21,Santiago de Cuba,Santiago de Cuba,geographic,true
CUB,22,Santiago de Cuba,Santiago de Cuba,geographic,true
CUB,23,Granma,Granma,geographic,true
CUB,24,Holguin,Holguin,geographic,true
CUB,31,Guantanamo,Guantanamo,geographic,true
CUB,32,Camaguey,Camaguey,geographic,true
CUB,33,Camaguey (overlay),Camaguey,geographic,true
CUB,41,Ciego de Avila,Ciego de Avila,geographic,true
CUB,42,Sancti Spiritus,Sancti Spiritus,geographic,true
CUB,43,Villa Clara/Santa Clara,Villa Clara,geographic,true
CUB,45,Matanzas,Matanzas,geographic,true
CUB,46,Cienfuegos,Cienfuegos,geographic,true
CUB,47,Pinar del Rio,Pinar del Rio,geographic,true
CUB,48,Isla de la Juventud,Isla de la Juventud,geographic,true
CUB,5,Mobile - ETECSA,,mobile,false
DOM,809,Dominican Republic,Dominican Republic,geographic,true
DOM,829,Dominican Republic (overlay),Dominican Republic,geographic,true
DOM,849,Dominican Republic (overlay),Dominican Republic,geographic,true
HTI,2,Port-au-Prince landline,Ouest,geographic,true
HTI,22,Port-au-Prince,Ouest,geographic,true
HTI,23,Leogane/Petit-Goave,Ouest,geographic,true
HTI,24,Jacmel,Sud-Est,geographic,true
HTI,25,Jeremie,Grand'Anse,geographic,true
HTI,26,Les Cayes,Sud,geographic,true
HTI,27,Hinche,Centre,geographic,true
HTI,28,Cap-Haitien,Nord,geographic,true
HTI,29,Gonaives/Saint-Marc,Artibonite,geographic,true
HTI,3,Mobile - Digicel,,mobile,false
HTI,4,Mobile - Natcom,,mobile,false
HTI,36,Mobile - Digicel,,mobile,false
HTI,37,Mobile - Natcom,,mobile,false
HTI,38,Mobile - Digicel,,mobile,false
HTI,47,Mobile - Natcom,,mobile,false
HTI,48,Mobile - Digicel,,mobile,false
HTI,49,Mobile - Digicel,,mobile,false
JAM,876,Jamaica,Jamaica,geographic,true
JAM,658,Jamaica (overlay),Jamaica,geographic,true
TTO,868,Trinidad and Tobago,Trinidad and Tobago,geographic,true
BRB,246,Barbados,Barbados,geographic,true
BHS,242,Bahamas,Bahamas,geographic,true
FLK,500,Falkland Islands,Falkland Islands,geographic,true
ATG,268,Antigua and Barbuda,Antigua and Barbuda,geographic,true
DMA,767,Dominica,Dominica,geographic,true
GRD,473,Grenada,Grenada,geographic,true
KNA,869,Saint Kitts and Nevis,Saint Kitts and Nevis,geographic,true
LCA,758,Saint Lucia,Saint Lucia,geographic,true
VCT,784,Saint Vincent and the Grenadines,Saint Vincent and the Grenadines,geographic,true
ABW,297,Aruba,Aruba,geographic,true
CUW,599,Curacao,Curacao,geographic,true
SXM,721,Sint Maarten,Sint Maarten,geographic,true
BES,599,Bonaire/Sint Eustatius/Saba,Bonaire/Sint Eustatius/Saba,geographic,true
AIA,264,Anguilla,Anguilla,geographic,true
BMU,441,Bermuda,Bermuda,geographic,true
VGB,284,British Virgin Islands,British Virgin Islands,geographic,true
CYM,345,Cayman Islands,Cayman Islands,geographic,true
MSR,664,Montserrat,Montserrat,geographic,true
TCA,649,Turks and Caicos Islands,Turks and Caicos Islands,geographic,true
ZAF,10,Johannesburg (overlay),Gauteng,geographic,true
ZAF,11,Johannesburg,Gauteng,geographic,true
ZAF,12,Pretoria/Tshwane,Gauteng,geographic,true
ZAF,13,Nelspruit/Witbank,Mpumalanga,geographic,true
ZAF,14,Rustenburg/Polokwane (overlay),North West/Limpopo,geographic,true
ZAF,15,Polokwane/Limpopo,Limpopo,geographic,true
ZAF,16,Vereeniging/Vanderbijlpark,Gauteng,geographic,true
ZAF,17,Ermelo/Standerton,Mpumalanga,geographic,true
ZAF,18,Klerksdorp/Potchefstroom,North West,geographic,true
ZAF,21,Cape Town,Western Cape,geographic,true
ZAF,22,Malmesbury/Vredenburg,Western Cape,geographic,true
ZAF,23,Worcester/Robertson,Western Cape,geographic,true
ZAF,27,Springbok/Calvinia,Northern Cape,geographic,true
ZAF,28,Hermanus/Bredasdorp,Western Cape,geographic,true
ZAF,31,Durban,KwaZulu-Natal,geographic,true
ZAF,32,Stanger/Verulam,KwaZulu-Natal,geographic,true
ZAF,33,Pietermaritzburg,KwaZulu-Natal,geographic,true
ZAF,34,Vryheid/Newcastle,KwaZulu-Natal,geographic,true
ZAF,35,Richards Bay/Empangeni,KwaZulu-Natal,geographic,true
ZAF,36,Ladysmith,KwaZulu-Natal,geographic,true
ZAF,39,Port Shepstone,KwaZulu-Natal,geographic,true
ZAF,40,King Williams Town,Eastern Cape,geographic,true
ZAF,41,Port Elizabeth/Gqeberha,Eastern Cape,geographic,true
ZAF,42,Humansdorp/Jeffreys Bay,Eastern Cape,geographic,true
ZAF,43,East London,Eastern Cape,geographic,true
ZAF,44,George/Knysna/Mossel Bay,Western Cape,geographic,true
ZAF,45,Queenstown/Aliwal North,Eastern Cape,geographic,true
ZAF,46,Grahamstown/Port Alfred,Eastern Cape,geographic,true
ZAF,47,Umtata/Mthatha,Eastern Cape,geographic,true
ZAF,48,Graaff-Reinet/Cradock,Eastern Cape,geographic,true
ZAF,49,Graaff-Reinet (overlay),Eastern Cape,geographic,true
ZAF,51,Bloemfontein,Free State,geographic,true
ZAF,53,Kimberley,Northern Cape,geographic,true
ZAF,54,Upington,Northern Cape,geographic,true
ZAF,56,Kroonstad,Free State,geographic,true
ZAF,57,Welkom/Bethlehem,Free State,geographic,true
ZAF,58,Bethlehem/Harrismith,Free State,geographic,true
ZAF,60,Mobile - Various,,mobile,false
ZAF,61,Mobile - Various,,mobile,false
ZAF,62,Mobile - Various,,mobile,false
ZAF,63,Mobile - Various,,mobile,false
ZAF,64,Mobile - Various,,mobile,false
ZAF,65,Mobile - Various,,mobile,false
ZAF,66,Mobile - Vodacom,,mobile,false
ZAF,67,Mobile - Vodacom,,mobile,false
ZAF,68,Mobile - MTN,,mobile,false
ZAF,69,Mobile - MTN (overlay),,mobile,false
ZAF,71,Mobile - Vodacom,,mobile,false
ZAF,72,Mobile - Vodacom,,mobile,false
ZAF,73,Mobile - MTN,,mobile,false
ZAF,74,Mobile - MTN,,mobile,false
ZAF,76,Mobile - Vodacom,,mobile,false
ZAF,78,Mobile - MTN,,mobile,false
ZAF,79,Mobile - Vodacom,,mobile,false
ZAF,81,Mobile - Cell C,,mobile,false
ZAF,82,Mobile - Vodacom,,mobile,false
ZAF,83,Mobile - MTN,,mobile,false
ZAF,84,Mobile - Cell C,,mobile,false
ZAF,800,Freephone,,toll-free,false
ZAF,860,Shared cost,,shared-cost,false
ZAF,861,Shared cost,,shared-cost,false
ZAF,86,Shared cost,,shared-cost,false
ZAF,900,Premium rate,,premium-rate,false
NGA,1,Lagos,Lagos,geographic,true
NGA,2,Ibadan,Oyo,geographic,true
NGA,9,Abuja,FCT,geographic,true
NGA,20,Ado-Ekiti,Ekiti,geographic,true
NGA,22,Abeokuta,Ogun,geographic,true
NGA,23,Ijebu-Ode,Ogun,geographic,true
NGA,24,Ilorin,Kwara,geographic,true
NGA,25,Ilesha/Oshogbo,Osun,geographic,true
NGA,27,Iwo,Osun,geographic,true
NGA,30,Akure,Ondo,geographic,true
NGA,31,Onitsha/Nnewi,Anambra,geographic,true
NGA,32,Abakaliki,Ebonyi,geographic,true
NGA,33,Enugu,Enugu,geographic,true
NGA,34,Nsukka,Enugu,geographic,true
NGA,35,Owerri,Imo,geographic,true
NGA,36,Aba,Abia,geographic,true
NGA,37,Umuahia,Abia,geographic,true
NGA,38,Awka,Anambra,geographic,true
NGA,40,Calabar,Cross River,geographic,true
NGA,41,Warri,Delta,geographic,true
NGA,42,Port Harcourt,Rivers,geographic,true
NGA,43,Auchi/Benin (overlay),Edo,geographic,true
NGA,44,Benin City,Edo,geographic,true
NGA,45,Asaba,Delta,geographic,true
NGA,46,Uyo,Akwa Ibom,geographic,true
NGA,47,Yenagoa,Bayelsa,geographic,true
NGA,50,Sokoto,Sokoto,geographic,true
NGA,52,Kaduna,Kaduna,geographic,true
NGA,53,Zaria,Kaduna,geographic,true
NGA,54,Katsina,Katsina,geographic,true
NGA,55,Gusau,Zamfara,geographic,true
NGA,57,Kontagora,Niger,geographic,true
NGA,58,Birnin Kebbi,Kebbi,geographic,true
NGA,60,Minna,Niger,geographic,true
NGA,62,Jos,Plateau,geographic,true
NGA,64,Makurdi,Benue,geographic,true
NGA,66,Bauchi,Bauchi,geographic,true
NGA,69,Jalingo,Taraba,geographic,true
NGA,71,Damaturu,Yobe,geographic,true
NGA,72,Gombe,Gombe,geographic,true
NGA,73,Maiduguri,Borno,geographic,true
NGA,76,Yola,Adamawa,geographic,true
NGA,77,Lafia,Nasarawa,geographic,true
NGA,78,Kano,Kano,geographic,true
NGA,700,Mobile - Various,,mobile,false
NGA,701,Mobile - Airtel,,mobile,false
NGA,702,Mobile - MTN (overlay),,mobile,false
NGA,703,Mobile - MTN,,mobile,false
NGA,704,Mobile - MTN (overlay),,mobile,false
NGA,705,Mobile - Globacom,,mobile,false
NGA,706,Mobile - MTN,,mobile,false
NGA,707,Mobile - MTN (overlay),,mobile,false
NGA,708,Mobile - Airtel,,mobile,false
NGA,709,Mobile - Various,,mobile,false
NGA,802,Mobile - Airtel,,mobile,false
NGA,803,Mobile - MTN,,mobile,false
NGA,805,Mobile - Globacom,,mobile,false
NGA,806,Mobile - MTN,,mobile,false
NGA,807,Mobile - Globacom,,mobile,false
NGA,808,Mobile - Airtel,,mobile,false
NGA,809,Mobile - 9Mobile,,mobile,false
NGA,810,Mobile - MTN,,mobile,false
NGA,811,Mobile - Globacom,,mobile,false
NGA,812,Mobile - Airtel,,mobile,false
NGA,813,Mobile - MTN,,mobile,false
NGA,814,Mobile - MTN,,mobile,false
NGA,815,Mobile - Globacom,,mobile,false
NGA,816,Mobile - MTN,,mobile,false
NGA,817,Mobile - 9Mobile,,mobile,false
NGA,818,Mobile - 9Mobile,,mobile,false
NGA,819,Mobile - Starcomms,,mobile,false
NGA,903,Mobile - MTN,,mobile,false
NGA,904,Mobile - Airtel,,mobile,false
NGA,905,Mobile - Globacom,,mobile,false
NGA,906,Mobile - MTN,,mobile,false
NGA,907,Mobile - Airtel,,mobile,false
NGA,908,Mobile - 9Mobile,,mobile,false
NGA,909,Mobile - 9Mobile,,mobile,false
NGA,912,Mobile - Airtel,,mobile,false
NGA,913,Mobile - MTN,,mobile,false
NGA,800,Freephone,,toll-free,false
EGY,2,Cairo/Giza,Cairo,geographic,true
EGY,3,Alexandria,Alexandria,geographic,true
EGY,13,Beni Suef,Beni Suef,geographic,true
EGY,15,Fayoum,Fayoum,geographic,true
EGY,40,Tanta/Gharbia,Gharbia,geographic,true
EGY,45,Damietta,Damietta,geographic,true
EGY,46,Port Said,Port Said,geographic,true
EGY,47,Kafr El-Sheikh,Kafr El-Sheikh,geographic,true
EGY,48,Mansoura/Dakahlia,Dakahlia,geographic,true
EGY,50,Benha/Qalyubia,Qalyubia,geographic,true
EGY,55,Zagazig/Sharqia,Sharqia,geographic,true
EGY,57,Ismailia,Ismailia,geographic,true
EGY,62,Suez,Suez,geographic,true
EGY,64,Suez (overlay),Suez,geographic,true
EGY,65,Red Sea/Hurghada,Red Sea,geographic,true
EGY,66,Red Sea (overlay),Red Sea,geographic,true
EGY,68,South Sinai/Sharm el-Sheikh,South Sinai,geographic,true
EGY,69,North Sinai/El Arish,North Sinai,geographic,true
EGY,82,Assiut,Assiut,geographic,true
EGY,86,Minya,Minya,geographic,true
EGY,88,Assiut (overlay),Assiut,geographic,true
EGY,93,Sohag,Sohag,geographic,true
EGY,95,Luxor,Luxor,geographic,true
EGY,96,Qena,Qena,geographic,true
EGY,97,Aswan,Aswan,geographic,true
EGY,10,Mobile - Vodafone,,mobile,false
EGY,11,Mobile - Etisalat,,mobile,false
EGY,12,Mobile - Orange,,mobile,false
EGY,800,Freephone,,toll-free,false
EGY,900,Premium rate,,premium-rate,false
KEN,20,Nairobi,Nairobi,geographic,true
KEN,41,Mombasa,Coast,geographic,true
KEN,42,Malindi,Coast,geographic,true
KEN,43,Voi,Coast,geographic,true
KEN,44,Machakos/Kitui,Eastern,geographic,true
KEN,45,Kajiado/Ngong,Rift Valley,geographic,true
KEN,46,Garissa,North Eastern,geographic,true
KEN,50,Naivasha,Rift Valley,geographic,true
KEN,51,Nakuru,Rift Valley,geographic,true
KEN,52,Kericho,Rift Valley,geographic,true
KEN,53,Eldoret,Rift Valley,geographic,true
KEN,54,Kitale,Rift Valley,geographic,true
KEN,55,Bungoma,Western,geographic,true
KEN,56,Kakamega,Western,geographic,true
KEN,57,Kisumu,Nyanza,geographic,true
KEN,58,Kisii,Nyanza,geographic,true
KEN,59,Homabay,Nyanza,geographic,true
KEN,60,Muranga,Central,geographic,true
KEN,61,Nyeri,Central,geographic,true
KEN,62,Nanyuki,Central,geographic,true
KEN,64,Meru,Eastern,geographic,true
KEN,66,Thika,Central,geographic,true
KEN,67,Kiambu,Central,geographic,true
KEN,68,Embu,Eastern,geographic,true
KEN,69,Marsabit,Eastern,geographic,true
KEN,70,Mobile - Safaricom,,mobile,false
KEN,71,Mobile - Safaricom,,mobile,false
KEN,72,Mobile - Safaricom,,mobile,false
KEN,73,Mobile - Airtel,,mobile,false
KEN,74,Mobile - Safaricom,,mobile,false
KEN,75,Mobile - Safaricom,,mobile,false
KEN,76,Mobile - Airtel,,mobile,false
KEN,77,Mobile - Telkom,,mobile,false
KEN,78,Mobile - Safaricom,,mobile,false
KEN,79,Mobile - Safaricom,,mobile,false
KEN,10,Mobile - Faiba,,mobile,false
KEN,11,Mobile - Faiba,,mobile,false
KEN,800,Freephone,,toll-free,false
KEN,900,Premium rate,,premium-rate,false
GHA,30,Accra/Greater Accra,Greater Accra,geographic,true
GHA,31,Tema/Eastern Region,Greater Accra/Eastern,geographic,true
GHA,32,Koforidua,Eastern,geographic,true
GHA,33,Kumasi/Ashanti Region (overlay),Ashanti,geographic,true
GHA,34,Takoradi,Western,geographic,true
GHA,35,Cape Coast,Central,geographic,true
GHA,36,Ho,Volta,geographic,true
GHA,37,Accra (overlay),Greater Accra,geographic,true
GHA,38,Sunyani,Bono,geographic,true
GHA,39,Bolgatanga,Upper East,geographic,true
GHA,42,Tamale,Northern,geographic,true
GHA,51,Kumasi,Ashanti,geographic,true
GHA,52,Kumasi (overlay),Ashanti,geographic,true
GHA,61,Accra (overlay),Greater Accra,geographic,true
GHA,71,Wa,Upper West,geographic,true
GHA,20,Mobile - Vodafone,,mobile,false
GHA,23,Mobile - Various,,mobile,false
GHA,24,Mobile - MTN,,mobile,false
GHA,25,Mobile - MTN,,mobile,false
GHA,26,Mobile - AirtelTigo,,mobile,false
GHA,27,Mobile - AirtelTigo,,mobile,false
GHA,28,Mobile - Various,,mobile,false
GHA,29,Mobile - Various,,mobile,false
GHA,50,Mobile - Vodafone,,mobile,false
GHA,53,Mobile - MTN,,mobile,false
GHA,54,Mobile - MTN,,mobile,false
GHA,55,Mobile - MTN,,mobile,false
GHA,56,Mobile - MTN,,mobile,false
GHA,57,Mobile - MTN,,mobile,false
GHA,59,Mobile - MTN,,mobile,false
GHA,800,Freephone,,toll-free,false
TZA,22,Dar es Salaam,Dar es Salaam,geographic,true
TZA,23,Dodoma,Dodoma,geographic,true
TZA,24,Zanzibar,Zanzibar,geographic,true
TZA,25,Morogoro,Morogoro,geographic,true
TZA,26,Mbeya/Iringa,Southern Highlands,geographic,true
TZA,27,Arusha/Kilimanjaro,Northern,geographic,true
TZA,28,Mwanza/Lake Zone,Lake Zone,geographic,true
TZA,61,Mobile - Vodacom,,mobile,false
TZA,62,Mobile - Vodacom,,mobile,false
TZA,65,Mobile - Tigo,,mobile,false
TZA,66,Mobile - Halotel,,mobile,false
TZA,67,Mobile - Airtel,,mobile,false
TZA,68,Mobile - Airtel,,mobile,false
TZA,69,Mobile - Halotel,,mobile,false
TZA,71,Mobile - Tigo,,mobile,false
TZA,74,Mobile - Vodacom,,mobile,false
TZA,75,Mobile - Vodacom,,mobile,false
TZA,76,Mobile - Vodacom,,mobile,false
TZA,77,Mobile - Tigo,,mobile,false
TZA,78,Mobile - Airtel,,mobile,false
TZA,800,Freephone,,toll-free,false
TZA,900,Premium rate,,premium-rate,false
ETH,11,Addis Ababa,Addis Ababa,geographic,true
ETH,22,Dire Dawa,Dire Dawa,geographic,true
ETH,25,Harar,Harari,geographic,true
ETH,33,Gondar,Amhara,geographic,true
ETH,34,Dessie,Amhara,geographic,true
ETH,46,Jimma,Oromia,geographic,true
ETH,47,Hawassa,SNNPR,geographic,true
ETH,58,Bahir Dar,Amhara,geographic,true
ETH,9,Mobile - Ethio Telecom,,mobile,false
ETH,91,Mobile - Ethio Telecom,,mobile,false
ETH,70,Mobile - Safaricom Ethiopia,,mobile,false
ETH,800,Freephone,,toll-free,false
MAR,5,Casablanca/Central,Casablanca-Settat,geographic,true
MAR,520,Casablanca,Casablanca-Settat,geographic,true
MAR,522,Casablanca,Casablanca-Settat,geographic,true
MAR,523,El Jadida/Settat,Casablanca-Settat,geographic,true
MAR,524,Marrakech,Marrakech-Safi,geographic,true
MAR,525,Beni Mellal,Beni Mellal-Khenifra,geographic,true
MAR,528,Agadir,Souss-Massa,geographic,true
MAR,530,Meknes/Fes,Fes-Meknes,geographic,true
MAR,535,Fes,Fes-Meknes,geographic,true
MAR,536,Oujda,Oriental,geographic,true
MAR,537,Rabat,Rabat-Sale-Kenitra,geographic,true
MAR,539,Tangier/Tetouan,Tanger-Tetouan-Al Hoceima,geographic,true
MAR,6,Mobile - Various,,mobile,false
MAR,61,Mobile - IAM,,mobile,false
MAR,62,Mobile - IAM,,mobile,false
MAR,63,Mobile - Inwi,,mobile,false
MAR,64,Mobile - Inwi,,mobile,false
MAR,65,Mobile - Orange,,mobile,false
MAR,66,Mobile - Orange,,mobile,false
MAR,67,Mobile - IAM,,mobile,false
MAR,68,Mobile - Inwi,,mobile,false
MAR,7,Mobile (overlay),,mobile,false
MAR,800,Freephone,,toll-free,false
MAR,89,Premium rate,,premium-rate,false
TUN,71,Tunis,Tunis,geographic,true
TUN,72,Ariana/Ben Arous/Manouba,Greater Tunis,geographic,true
TUN,73,Sousse/Monastir,Sahel,geographic,true
TUN,74,Sfax,Sfax,geographic,true
TUN,75,Nabeul/Hammamet,Cap Bon,geographic,true
TUN,76,Tozeur/Gafsa,Southwest,geographic,true
TUN,77,Kasserine/Sidi Bouzid,Central West,geographic,true
TUN,78,Beja/Jendouba,Northwest,geographic,true
TUN,79,Bizerte,Bizerte,geographic,true
TUN,2,Mobile - Various,,mobile,false
TUN,20,Mobile - Ooredoo,,mobile,false
TUN,21,Mobile - Ooredoo,,mobile,false
TUN,22,Mobile - Tunisie Telecom,,mobile,false
TUN,23,Mobile - Tunisie Telecom,,mobile,false
TUN,24,Mobile - Tunisie Telecom,,mobile,false
TUN,25,Mobile - Orange,,mobile,false
TUN,26,Mobile - Orange,,mobile,false
TUN,27,Mobile - Ooredoo,,mobile,false
TUN,28,Mobile - Various,,mobile,false
TUN,29,Mobile - Various,,mobile,false
TUN,50,Mobile - Ooredoo,,mobile,false
TUN,52,Mobile - Orange,,mobile,false
TUN,53,Mobile - Orange,,mobile,false
TUN,54,Mobile - Ooredoo,,mobile,false
TUN,55,Mobile - Tunisie Telecom,,mobile,false
TUN,56,Mobile - Ooredoo,,mobile,false
TUN,58,Mobile - Tunisie Telecom,,mobile,false
TUN,800,Freephone,,toll-free,false
DZA,21,Algiers,Algiers,geographic,true
DZA,23,Blida,Blida,geographic,true
DZA,24,Boumerdes,Boumerdes,geographic,true
DZA,25,Constantine,Constantine,geographic,true
DZA,26,Medea,Medea,geographic,true
DZA,27,Chlef,Chlef,geographic,true
DZA,29,Djelfa,Djelfa,geographic,true
DZA,31,Oran,Oran,geographic,true
DZA,32,El Bayadh,El Bayadh,geographic,true
DZA,33,Batna,Batna,geographic,true
DZA,34,Bejaia,Bejaia,geographic,true
DZA,35,Bordj Bou Arreridj,Bordj Bou Arreridj,geographic,true
DZA,36,Setif,Setif,geographic,true
DZA,37,Tizi Ouzou,Tizi Ouzou,geographic,true
DZA,38,Jijel,Jijel,geographic,true
DZA,41,Annaba,Annaba,geographic,true
DZA,43,Tebessa,Tebessa,geographic,true
DZA,44,Ain Defla,Ain Defla,geographic,true
DZA,45,Naama,Naama,geographic,true
DZA,46,Mostaganem,Mostaganem,geographic,true
DZA,47,Tiaret,Tiaret,geographic,true
DZA,48,Relizane,Relizane,geographic,true
DZA,49,Ghardaia/M'Sila,Ghardaia,geographic,true
DZA,5,Mobile - Various,,mobile,false
DZA,54,Mobile - Mobilis,,mobile,false
DZA,55,Mobile - Ooredoo,,mobile,false
DZA,56,Mobile - Djezzy,,mobile,false
DZA,57,Mobile - Mobilis,,mobile,false
DZA,58,Mobile - Ooredoo,,mobile,false
DZA,6,Mobile - Various,,mobile,false
DZA,66,Mobile - Mobilis,,mobile,false
DZA,67,Mobile - Djezzy,,mobile,false
DZA,69,Mobile - Ooredoo,,mobile,false
DZA,7,Mobile - Various,,mobile,false
DZA,77,Mobile - Djezzy,,mobile,false
DZA,78,Mobile - Ooredoo,,mobile,false
DZA,79,Mobile - Mobilis,,mobile,false
DZA,800,Freephone,,toll-free,false
LBY,21,Tripoli,Tripolitania,geographic,true
LBY,41,Misrata,Tripolitania,geographic,true
LBY,51,Zawiya,Tripolitania,geographic,true
LBY,61,Benghazi,Cyrenaica,geographic,true
LBY,67,Derna,Cyrenaica,geographic,true
LBY,71,Sabha,Fezzan,geographic,true
LBY,81,Tobruk,Cyrenaica,geographic,true
LBY,91,Mobile - Libyana,,mobile,false
LBY,92,Mobile - Al-Madar,,mobile,false
LBY,94,Mobile - Libyana,,mobile,false
LBY,95,Mobile - Al-Madar,,mobile,false
UGA,31,Kampala,Central,geographic,true
UGA,312,Kampala,Central,geographic,true
UGA,32,Jinja/Iganga,Eastern,geographic,true
UGA,33,Mbale,Eastern,geographic,true
UGA,34,Fort Portal,Western,geographic,true
UGA,36,Mbarara,Western,geographic,true
UGA,39,Gulu/Lira,Northern,geographic,true
UGA,41,Kampala (landline),Central,geographic,true
UGA,414,Kampala,Central,geographic,true
UGA,43,Masaka,Central,geographic,true
UGA,44,Mukono,Central,geographic,true
UGA,45,Entebbe,Central,geographic,true
UGA,46,Soroti,Eastern,geographic,true
UGA,47,Arua,West Nile,geographic,true
UGA,48,Kabale,Western,geographic,true
UGA,464,Moroto,Karamoja,geographic,true
UGA,70,Mobile - Various,,mobile,false
UGA,71,Mobile - UTL,,mobile,false
UGA,72,Mobile - Airtel,,mobile,false
UGA,73,Mobile - Airtel,,mobile,false
UGA,74,Mobile - Airtel,,mobile,false
UGA,75,Mobile - Airtel,,mobile,false
UGA,76,Mobile - MTN,,mobile,false
UGA,77,Mobile - MTN,,mobile,false
UGA,78,Mobile - MTN,,mobile,false
UGA,79,Mobile - Airtel,,mobile,false
UGA,800,Freephone,,toll-free,false
UGA,900,Premium rate,,premium-rate,false
CMR,222,Yaounde,Centre,geographic,true
CMR,233,Douala,Littoral,geographic,true
CMR,242,Limbe/Buea,South West,geographic,true
CMR,243,Bamenda,North West,geographic,true
CMR,22,Yaounde area,Centre,geographic,true
CMR,23,Douala area,Littoral,geographic,true
CMR,24,Western/Northwest,West/Northwest,geographic,true
CMR,25,Northern regions,Northern,geographic,true
CMR,33,Douala (overlay),Littoral,geographic,true
CMR,34,Bafoussam,West,geographic,true
CMR,650,Mobile - MTN,,mobile,false
CMR,651,Mobile - MTN,,mobile,false
CMR,652,Mobile - MTN,,mobile,false
CMR,653,Mobile - MTN,,mobile,false
CMR,654,Mobile - MTN,,mobile,false
CMR,655,Mobile - MTN,,mobile,false
CMR,656,Mobile - MTN,,mobile,false
CMR,670,Mobile - Orange,,mobile,false
CMR,671,Mobile - Orange,,mobile,false
CMR,672,Mobile - Orange,,mobile,false
CMR,673,Mobile - Orange,,mobile,false
CMR,674,Mobile - Orange,,mobile,false
CMR,675,Mobile - Orange,,mobile,false
CMR,676,Mobile - Orange,,mobile,false
CMR,677,Mobile - Orange,,mobile,false
CMR,678,Mobile - Orange,,mobile,false
CMR,679,Mobile - Orange,,mobile,false
CMR,680,Mobile - Nexttel,,mobile,false
CMR,681,Mobile - Nexttel,,mobile,false
CMR,682,Mobile - Nexttel,,mobile,false
CMR,683,Mobile - Nexttel,,mobile,false
CMR,800,Freephone,,toll-free,false
SEN,33,Dakar landline,Dakar,geographic,true
SEN,338,Dakar,Dakar,geographic,true
SEN,339,Dakar,Dakar,geographic,true
SEN,30,Thies landline,Thies,geographic,true
SEN,31,Kaolack landline,Kaolack,geographic,true
SEN,70,Mobile - Orange,,mobile,false
SEN,76,Mobile - Orange,,mobile,false
SEN,77,Mobile - Orange,,mobile,false
SEN,78,Mobile - Tigo/Free,,mobile,false
SEN,75,Mobile - Tigo/Free,,mobile,false
SEN,800,Freephone,,toll-free,false
CIV,21,Abidjan landline,Abidjan,geographic,true
CIV,27,Abidjan (overlay),Abidjan,geographic,true
CIV,30,Yamoussoukro landline,Yamoussoukro,geographic,true
CIV,31,Bouake landline,Bouake,geographic,true
CIV,32,Daloa landline,Daloa,geographic,true
CIV,33,Man landline,Man,geographic,true
CIV,34,San-Pedro landline,San-Pedro,geographic,true
CIV,35,Abengourou landline,Abengourou,geographic,true
CIV,36,Korhogo landline,Korhogo,geographic,true
CIV,01,Mobile - Orange,,mobile,false
CIV,05,Mobile - MTN,,mobile,false
CIV,07,Mobile - Orange,,mobile,false
CIV,08,Mobile - Moov,,mobile,false
CIV,800,Freephone,,toll-free,false
COD,12,Kinshasa,Kinshasa,geographic,true
COD,2,Katanga region,Katanga,geographic,true
COD,3,Eastern Congo,Eastern,geographic,true
COD,81,Lubumbashi,Katanga,geographic,true
COD,82,Mbuji-Mayi,Kasai,geographic,true
COD,83,Kisangani,Tshopo,geographic,true
COD,84,Bukavu,South Kivu,geographic,true
COD,85,Goma,North Kivu,geographic,true
COD,86,Matadi,Kongo Central,geographic,true
COD,89,Mobile - Orange,,mobile,false
COD,90,Mobile - Africell,,mobile,false
COD,97,Mobile - Airtel,,mobile,false
COD,98,Mobile - Airtel,,mobile,false
COD,99,Mobile - Orange,,mobile,false
COD,800,Freephone,,toll-free,false
COG,22,Brazzaville,Brazzaville,geographic,true
COG,24,Pointe-Noire,Pointe-Noire,geographic,true
COG,28,Dolisie/Niari,Niari,geographic,true
COG,04,Mobile - MTN,,mobile,false
COG,05,Mobile - Airtel,,mobile,false
COG,06,Mobile - Airtel/MTN,,mobile,false
MOZ,21,Maputo,Maputo,geographic,true
MOZ,23,Xai-Xai/Gaza,Gaza,geographic,true
MOZ,24,Inhambane,Inhambane,geographic,true
MOZ,25,Sofala/Beira,Sofala,geographic,true
MOZ,26,Zambezia/Quelimane,Zambezia,geographic,true
MOZ,27,Tete,Tete,geographic,true
MOZ,28,Nampula,Nampula,geographic,true
MOZ,29,Niassa/Lichinga,Niassa,geographic,true
MOZ,82,Maputo area,Maputo,geographic,true
MOZ,251,Beira,Sofala,geographic,true
MOZ,261,Quelimane,Zambezia,geographic,true
MOZ,271,Tete,Tete,geographic,true
MOZ,281,Nampula,Nampula,geographic,true
MOZ,83,Mobile - Vodacom,,mobile,false
MOZ,84,Mobile - Vodacom,,mobile,false
MOZ,85,Mobile - Movitel,,mobile,false
MOZ,86,Mobile - Tmcel,,mobile,false
MOZ,87,Mobile - Movitel,,mobile,false
MOZ,800,Freephone,,toll-free,false
AGO,222,Luanda,Luanda,geographic,true
AGO,231,Cabinda,Cabinda,geographic,true
AGO,232,Benguela,Benguela,geographic,true
AGO,241,Huambo,Huambo,geographic,true
AGO,251,Huila/Lubango,Huila,geographic,true
AGO,261,Namibe,Namibe,geographic,true
AGO,271,Cuando Cubango,Cuando Cubango,geographic,true
AGO,272,Moxico,Moxico,geographic,true
AGO,281,Malanje,Malanje,geographic,true
AGO,91,Mobile - Unitel,,mobile,false
AGO,92,Mobile - Movicel,,mobile,false
AGO,93,Mobile - Unitel,,mobile,false
AGO,94,Mobile - Movicel,,mobile,false
AGO,95,Mobile - Africell,,mobile,false
AGO,99,Mobile - Various,,mobile,false
AGO,800,Freephone,,toll-free,false
ZWE,4,Harare,Harare,geographic,true
ZWE,9,Bulawayo,Bulawayo,geographic,true
ZWE,20,Masvingo,Masvingo,geographic,true
ZWE,25,Mutare,Manicaland,geographic,true
ZWE,29,Chinhoyi,Mashonaland West,geographic,true
ZWE,39,Gweru,Midlands,geographic,true
ZWE,54,Kwekwe,Midlands,geographic,true
ZWE,55,Hwange,Matabeleland North,geographic,true
ZWE,67,Marondera,Mashonaland East,geographic,true
ZWE,68,Zvishavane,Midlands,geographic,true
ZWE,71,Mobile - NetOne,,mobile,false
ZWE,73,Mobile - Telecel,,mobile,false
ZWE,77,Mobile - Econet,,mobile,false
ZWE,78,Mobile - Econet,,mobile,false
ZWE,800,Freephone,,toll-free,false
ZMB,21,Lusaka,Lusaka,geographic,true
ZMB,211,Lusaka,Lusaka,geographic,true
ZMB,212,Choma/Livingstone,Southern,geographic,true
ZMB,213,Mongu,Western,geographic,true
ZMB,214,Kasama,Northern,geographic,true
ZMB,215,Kabwe,Central,geographic,true
ZMB,216,Ndola,Copperbelt,geographic,true
ZMB,217,Solwezi,North-Western,geographic,true
ZMB,218,Mansa,Luapula,geographic,true
ZMB,95,Mobile - Zamtel,,mobile,false
ZMB,96,Mobile - MTN,,mobile,false
ZMB,97,Mobile - Airtel,,mobile,false
ZMB,98,Mobile - Zamtel,,mobile,false
ZMB,800,Freephone,,toll-free,false
MWI,1,Blantyre/Southern Region,Southern,geographic,true
MWI,15,Zomba,Southern,geographic,true
MWI,17,Mulanje,Southern,geographic,true
MWI,18,Mangochi,Southern,geographic,true
MWI,21,Lilongwe,Central,geographic,true
MWI,26,Mzuzu,Northern,geographic,true
MWI,88,Mobile - TNM,,mobile,false
MWI,99,Mobile - Airtel,,mobile,false
MWI,98,Mobile - Various,,mobile,false
MWI,800,Freephone,,toll-free,false
BWA,3,Gaborone landline,Gaborone,geographic,true
BWA,31,Gaborone,Gaborone,geographic,true
BWA,36,Lobatse,South East,geographic,true
BWA,39,Francistown,North East,geographic,true
BWA,46,Maun,North West,geographic,true
BWA,47,Kasane,North West,geographic,true
BWA,48,Palapye,Central,geographic,true
BWA,49,Serowe,Central,geographic,true
BWA,52,Selebi-Phikwe,Central,geographic,true
BWA,54,Mochudi,Kgatleng,geographic,true
BWA,57,Molepolole,Kweneng,geographic,true
BWA,58,Kanye,Southern,geographic,true
BWA,59,Tsabong,Kgalagadi,geographic,true
BWA,7,Mobile - Various,,mobile,false
BWA,71,Mobile - Mascom,,mobile,false
BWA,72,Mobile - Orange,,mobile,false
BWA,73,Mobile - BTC Mobile,,mobile,false
BWA,74,Mobile - Various,,mobile,false
BWA,75,Mobile - Mascom,,mobile,false
BWA,76,Mobile - Orange,,mobile,false
BWA,77,Mobile - BTC Mobile,,mobile,false
BWA,800,Freephone,,toll-free,false
NAM,61,Windhoek,Khomas,geographic,true
NAM,62,Gobabis,Omaheke,geographic,true
NAM,63,Keetmanshoop,Karas,geographic,true
NAM,64,Swakopmund/Walvis Bay,Erongo,geographic,true
NAM,65,Otjiwarongo,Otjozondjupa,geographic,true
NAM,66,Rundu/Kavango,Kavango,geographic,true
NAM,67,Outjo/Etosha,Kunene,geographic,true
NAM,81,Mobile - MTC,,mobile,false
NAM,85,Mobile - TN Mobile,,mobile,false
NAM,800,Freephone,,toll-free,false
RWA,25,Kigali/Geographic,Kigali,geographic,true
RWA,252,Kigali,Kigali,geographic,true
RWA,72,Mobile - MTN,,mobile,false
RWA,73,Mobile - Airtel,,mobile,false
RWA,78,Mobile - MTN,,mobile,false
RWA,79,Mobile - Airtel,,mobile,false
RWA,800,Freephone,,toll-free,false
BDI,22,Bujumbura,Bujumbura,geographic,true
BDI,61,Mobile - Econet/Leo,,mobile,false
BDI,68,Mobile - Lumitel,,mobile,false
BDI,69,Mobile - Lumitel,,mobile,false
BDI,71,Mobile - Lacell,,mobile,false
BDI,75,Mobile - Lumitel,,mobile,false
BDI,76,Mobile - Econet/Leo,,mobile,false
BDI,79,Mobile - Various,,mobile,false
SDN,15,Khartoum,Khartoum,geographic,true
SDN,18,Port Sudan,Red Sea,geographic,true
SDN,11,Omdurman,Khartoum,geographic,true
SDN,31,Wad Madani,Gezira,geographic,true
SDN,41,El Obeid,North Kordofan,geographic,true
SDN,51,Kassala,Kassala,geographic,true
SDN,61,Atbara,River Nile,geographic,true
SDN,71,Nyala,South Darfur,geographic,true
SDN,73,El Fasher,North Darfur,geographic,true
SDN,9,Mobile - Various,,mobile,false
SDN,91,Mobile - Zain,,mobile,false
SDN,92,Mobile - MTN,,mobile,false
SDN,96,Mobile - Sudani,,mobile,false
SDN,99,Mobile - Various,,mobile,false
SDN,800,Freephone,,toll-free,false
SSD,18,Juba landline,Central Equatoria,geographic,true
SSD,91,Mobile - Zain,,mobile,false
SSD,92,Mobile - MTN,,mobile,false
SSD,95,Mobile - Vivacell,,mobile,false
SSD,97,Mobile - Various,,mobile,false
MLI,20,Bamako landline,,geographic,true
MLI,21,Bamako (overlay),,geographic,true
MLI,44,Sikasso landline,,geographic,true
MLI,6,Mobile - Orange,,mobile,false
MLI,7,Mobile - Malitel,,mobile,false
MLI,8,Mobile - Telecel,,mobile,false
MLI,800,Freephone,,toll-free,false
BFA,25,Ouagadougou landline,,geographic,true
BFA,20,Bobo-Dioulasso,,geographic,true
BFA,5,Mobile - Various,,mobile,false
BFA,6,Mobile - Orange,,mobile,false
BFA,7,Mobile - Telmob/Onatel,,mobile,false
BFA,800,Freephone,,toll-free,false
NER,20,Niamey landline,,geographic,true
NER,73,Mobile - Airtel,,mobile,false
NER,8,Mobile - Orange,,mobile,false
NER,9,Mobile - Moov/Zamani,,mobile,false
NER,800,Freephone,,toll-free,false
TCD,22,N'Djamena landline,,geographic,true
TCD,51,Moundou,,geographic,true
TCD,6,Mobile - Tigo,,mobile,false
TCD,9,Mobile - Airtel,,mobile,false
TCD,800,Freephone,,toll-free,false
GIN,30,Conakry landline,,geographic,true
GIN,60,Mobile - Orange,,mobile,false
GIN,62,Mobile - Orange,,mobile,false
GIN,64,Mobile - MTN,,mobile,false
GIN,65,Mobile - Cellcom,,mobile,false
GIN,66,Mobile - Cellcom,,mobile,false
GIN,68,Mobile - Various,,mobile,false
GNB,320,Bissau landline,,geographic,true
GNB,5,Mobile - MTN,,mobile,false
GNB,6,Mobile - Orange,,mobile,false
GNB,7,Mobile - Various,,mobile,false
SLE,22,Freetown,,geographic,true
SLE,25,Mobile - Africell,,mobile,false
SLE,30,Mobile - Airtel,,mobile,false
SLE,33,Mobile - Africell,,mobile,false
SLE,34,Mobile - Africell,,mobile,false
SLE,76,Mobile - Orange,,mobile,false
SLE,77,Mobile - Africell,,mobile,false
SLE,78,Mobile - Airtel,,mobile,false
SLE,79,Mobile - Qcell,,mobile,false
SLE,88,Mobile - Sierratel,,mobile,false
LBR,2,Monrovia landline,,geographic,true
LBR,55,Mobile - Lonestar MTN,,mobile,false
LBR,77,Mobile - Lonestar MTN,,mobile,false
LBR,88,Mobile - Orange,,mobile,false
LBR,886,Mobile - Orange,,mobile,false
TGO,22,Lome landline,,geographic,true
TGO,90,Mobile - Togocel,,mobile,false
TGO,91,Mobile - Togocel,,mobile,false
TGO,92,Mobile - Moov,,mobile,false
TGO,93,Mobile - Moov,,mobile,false
TGO,96,Mobile - Togocel,,mobile,false
TGO,97,Mobile - Moov,,mobile,false
TGO,98,Mobile - Togocel,,mobile,false
TGO,99,Mobile - Moov,,mobile,false
BEN,21,Cotonou/Porto-Novo landline,,geographic,true
BEN,22,Cotonou landline,,geographic,true
BEN,51,Mobile - Moov,,mobile,false
BEN,52,Mobile - Moov,,mobile,false
BEN,54,Mobile - Moov,,mobile,false
BEN,55,Mobile - Glo,,mobile,false
BEN,56,Mobile - Glo,,mobile,false
BEN,60,Mobile - Various,,mobile,false
BEN,61,Mobile - MTN,,mobile,false
BEN,62,Mobile - MTN,,mobile,false
BEN,63,Mobile - MTN,,mobile,false
BEN,64,Mobile - MTN,,mobile,false
BEN,65,Mobile - MTN,,mobile,false
BEN,66,Mobile - MTN,,mobile,false
BEN,67,Mobile - MTN,,mobile,false
BEN,69,Mobile - MTN,,mobile,false
BEN,96,Mobile - MTN,,mobile,false
BEN,97,Mobile - MTN,,mobile,false
MRT,45,Nouakchott landline,,geographic,true
MRT,46,Nouakchott,,geographic,true
MRT,22,Mobile - Mauritel,,mobile,false
MRT,33,Mobile - Mauritel,,mobile,false
MRT,34,Mobile - Mattel,,mobile,false
MRT,36,Mobile - Chinguitel,,mobile,false
MRT,37,Mobile - Chinguitel,,mobile,false
MRT,41,Mobile - Various,,mobile,false
MRT,42,Mobile - Mattel,,mobile,false
MRT,48,Mobile - Various,,mobile,false
MRT,49,Mobile - Various,,mobile,false
GMB,422,Banjul landline,,geographic,true
GMB,2,Mobile - Africell,,mobile,false
GMB,3,Mobile - Comium/QCell,,mobile,false
GMB,5,Mobile - Gamcel,,mobile,false
GMB,6,Mobile - Africell,,mobile,false
GMB,7,Mobile - QCell,,mobile,false
GMB,9,Mobile - Various,,mobile,false
CPV,2,Praia/Santiago landline,,geographic,true
CPV,23,Mindelo/Sao Vicente,,geographic,true
CPV,26,Sal,,geographic,true
CPV,9,Mobile - Various,,mobile,false
CPV,91,Mobile - CVMovel,,mobile,false
CPV,95,Mobile - Unitel T+,,mobile,false
CPV,97,Mobile - Various,,mobile,false
CPV,99,Mobile - Various,,mobile,false
STP,22,Sao Tome landline,,geographic,true
STP,98,Mobile - CST,,mobile,false
STP,99,Mobile - Unitel,,mobile,false
GNQ,333,Malabo landline,,geographic,true
GNQ,222,Bata landline,,geographic,true
GNQ,55,Mobile - GETESA,,mobile,false
GAB,1,Libreville landline,,geographic,true
GAB,11,Libreville,,geographic,true
GAB,2,Mobile - Airtel,,mobile,false
GAB,6,Mobile - Airtel,,mobile,false
GAB,7,Mobile - Gabon Telecom,,mobile,false
CAF,21,Bangui landline,,geographic,true
CAF,72,Mobile - Orange,,mobile,false
CAF,75,Mobile - Telecel,,mobile,false
MUS,2,Landline (all regions),,geographic,true
MUS,4,Landline,,geographic,true
MUS,5,Mobile - Various,,mobile,false
MUS,52,Mobile - Emtel,,mobile,false
MUS,57,Mobile - My.t,,mobile,false
MUS,58,Mobile - MTML,,mobile,false
MUS,59,Mobile - Chili,,mobile,false
MUS,800,Freephone,,toll-free,false
SYC,4,Landline,,geographic,true
SYC,2,Mobile - Airtel/Cable & Wireless,,mobile,false
SYC,800,Freephone,,toll-free,false
MDG,20,Antananarivo,Analamanga,geographic,true
MDG,22,Antananarivo area,Analamanga,geographic,true
MDG,34,Mobile - Telma,,mobile,false
MDG,32,Mobile - Orange,,mobile,false
MDG,33,Mobile - Airtel,,mobile,false
MDG,38,Mobile - Telma,,mobile,false
COM,77,Moroni landline,,geographic,true
COM,3,Mobile - Comores Telecom,,mobile,false
DJI,21,Djibouti City landline,,geographic,true
DJI,77,Mobile - Djibouti Telecom,,mobile,false
ERI,1,Asmara landline,,geographic,true
ERI,7,Mobile - Eritel,,mobile,false
SOM,1,Mogadishu,Banadir,geographic,true
SOM,2,Hargeisa (Somaliland),Somaliland,geographic,true
SOM,5,Galkayo,Mudug,geographic,true
SOM,6,Mobile - Various,,mobile,false
SOM,61,Mobile - Telesom (Somaliland),,mobile,false
SOM,62,Mobile - Somtel,,mobile,false
SOM,63,Mobile - Telesom,,mobile,false
SOM,65,Mobile - Nationlink,,mobile,false
SOM,68,Mobile - Golis,,mobile,false
SOM,69,Mobile - Hormuud,,mobile,false
SOM,90,Mobile - Hormuud,,mobile,false
LSO,22,Maseru landline,,geographic,true
LSO,5,Mobile - Vodacom,,mobile,false
LSO,6,Mobile - Econet,,mobile,false
SWZ,2,Mbabane/Manzini landline,,geographic,true
SWZ,24,Mbabane,,geographic,true
SWZ,25,Manzini,,geographic,true
SWZ,76,Mobile - MTN,,mobile,false
SWZ,78,Mobile - MTN,,mobile,false
SWZ,79,Mobile - Eswatini Mobile,,mobile,false
REU,262,Reunion landline,,geographic,true
REU,692,Mobile,,mobile,false
REU,693,Mobile,,mobile,false
MYT,269,Mayotte landline,,geographic,true
MYT,639,Mobile,,mobile,false
CHN,10,Beijing,Beijing,geographic,true
CHN,20,Guangzhou,Guangdong,geographic,true
CHN,21,Shanghai,Shanghai,geographic,true
CHN,22,Tianjin,Tianjin,geographic,true
CHN,23,Chongqing,Chongqing,geographic,true
CHN,24,Shenyang,Liaoning,geographic,true
CHN,25,Nanjing,Jiangsu,geographic,true
CHN,27,Wuhan,Hubei,geographic,true
CHN,28,Chengdu,Sichuan,geographic,true
CHN,29,Xi'an,Shaanxi,geographic,true
CHN,311,Shijiazhuang,Hebei,geographic,true
CHN,312,Baoding,Hebei,geographic,true
CHN,315,Tangshan,Hebei,geographic,true
CHN,316,Langfang,Hebei,geographic,true
CHN,335,Qinhuangdao,Hebei,geographic,true
CHN,310,Handan,Hebei,geographic,true
CHN,351,Taiyuan,Shanxi,geographic,true
CHN,352,Datong,Shanxi,geographic,true
CHN,371,Zhengzhou,Henan,geographic,true
CHN,372,Anyang,Henan,geographic,true
CHN,373,Xinxiang,Henan,geographic,true
CHN,374,Xuchang,Henan,geographic,true
CHN,375,Pingdingshan,Henan,geographic,true
CHN,376,Xinyang,Henan,geographic,true
CHN,377,Nanyang,Henan,geographic,true
CHN,378,Kaifeng,Henan,geographic,true
CHN,379,Luoyang,Henan,geographic,true
CHN,391,Jiaozuo,Henan,geographic,true
CHN,411,Dalian,Liaoning,geographic,true
CHN,412,Anshan,Liaoning,geographic,true
CHN,415,Dandong,Liaoning,geographic,true
CHN,416,Jinzhou,Liaoning,geographic,true
CHN,431,Changchun,Jilin,geographic,true
CHN,432,Jilin City,Jilin,geographic,true
CHN,451,Harbin,Heilongjiang,geographic,true
CHN,452,Qiqihar,Heilongjiang,geographic,true
CHN,453,Mudanjiang,Heilongjiang,geographic,true
CHN,459,Daqing,Heilongjiang,geographic,true
CHN,471,Hohhot,Inner Mongolia,geographic,true
CHN,472,Baotou,Inner Mongolia,geographic,true
CHN,510,Wuxi,Jiangsu,geographic,true
CHN,511,Zhenjiang,Jiangsu,geographic,true
CHN,512,Suzhou,Jiangsu,geographic,true
CHN,513,Nantong,Jiangsu,geographic,true
CHN,514,Yangzhou,Jiangsu,geographic,true
CHN,515,Yancheng,Jiangsu,geographic,true
CHN,516,Xuzhou,Jiangsu,geographic,true
CHN,517,Huai'an,Jiangsu,geographic,true
CHN,518,Lianyungang,Jiangsu,geographic,true
CHN,519,Changzhou,Jiangsu,geographic,true
CHN,531,Jinan,Shandong,geographic,true
CHN,532,Qingdao,Shandong,geographic,true
CHN,533,Zibo,Shandong,geographic,true
CHN,535,Yantai,Shandong,geographic,true
CHN,536,Weifang,Shandong,geographic,true
CHN,537,Jining,Shandong,geographic,true
CHN,538,Tai'an,Shandong,geographic,true
CHN,539,Linyi,Shandong,geographic,true
CHN,551,Hefei,Anhui,geographic,true
CHN,553,Wuhu,Anhui,geographic,true
CHN,571,Hangzhou,Zhejiang,geographic,true
CHN,572,Huzhou,Zhejiang,geographic,true
CHN,573,Jiaxing,Zhejiang,geographic,true
CHN,574,Ningbo,Zhejiang,geographic,true
CHN,575,Shaoxing,Zhejiang,geographic,true
CHN,576,Taizhou (Zhejiang),Zhejiang,geographic,true
CHN,577,Wenzhou,Zhejiang,geographic,true
CHN,579,Jinhua,Zhejiang,geographic,true
CHN,580,Zhoushan,Zhejiang,geographic,true
CHN,591,Fuzhou,Fujian,geographic,true
CHN,592,Xiamen,Fujian,geographic,true
CHN,593,Ningde,Fujian,geographic,true
CHN,595,Quanzhou,Fujian,geographic,true
CHN,596,Zhangzhou,Fujian,geographic,true
CHN,710,Xiangyang,Hubei,geographic,true
CHN,714,Huangshi,Hubei,geographic,true
CHN,716,Jingzhou,Hubei,geographic,true
CHN,717,Yichang,Hubei,geographic,true
CHN,731,Changsha,Hunan,geographic,true
CHN,732,Xiangtan,Hunan,geographic,true
CHN,733,Zhuzhou,Hunan,geographic,true
CHN,734,Hengyang,Hunan,geographic,true
CHN,745,Huaihua,Hunan,geographic,true
CHN,750,Jiangmen,Guangdong,geographic,true
CHN,752,Huizhou,Guangdong,geographic,true
CHN,753,Meizhou,Guangdong,geographic,true
CHN,754,Shantou,Guangdong,geographic,true
CHN,755,Shenzhen,Guangdong,geographic,true
CHN,756,Zhuhai,Guangdong,geographic,true
CHN,757,Foshan,Guangdong,geographic,true
CHN,758,Zhaoqing,Guangdong,geographic,true
CHN,759,Zhanjiang,Guangdong,geographic,true
CHN,760,Zhongshan,Guangdong,geographic,true
CHN,769,Dongguan,Guangdong,geographic,true
CHN,771,Nanning,Guangxi,geographic,true
CHN,772,Liuzhou,Guangxi,geographic,true
CHN,773,Guilin,Guangxi,geographic,true
CHN,791,Nanchang,Jiangxi,geographic,true
CHN,792,Jiujiang,Jiangxi,geographic,true
CHN,797,Ganzhou,Jiangxi,geographic,true
CHN,812,Panzhihua,Sichuan,geographic,true
CHN,813,Zigong,Sichuan,geographic,true
CHN,816,Mianyang,Sichuan,geographic,true
CHN,817,Nanchong,Sichuan,geographic,true
CHN,831,Yibin,Sichuan,geographic,true
CHN,833,Leshan,Sichuan,geographic,true
CHN,851,Guiyang,Guizhou,geographic,true
CHN,852,Zunyi,Guizhou,geographic,true
CHN,871,Kunming,Yunnan,geographic,true
CHN,891,Lhasa,Tibet,geographic,true
CHN,898,Haikou/Sanya,Hainan,geographic,true
CHN,901,Urumqi (overlay),Xinjiang,geographic,true
CHN,931,Lanzhou,Gansu,geographic,true
CHN,941,Gannan,Gansu,geographic,true
CHN,951,Yinchuan,Ningxia,geographic,true
CHN,971,Xining,Qinghai,geographic,true
CHN,991,Urumqi,Xinjiang,geographic,true
CHN,130,Mobile - China Unicom,,mobile,false
CHN,131,Mobile - China Unicom,,mobile,false
CHN,132,Mobile - China Unicom,,mobile,false
CHN,133,Mobile - China Telecom,,mobile,false
CHN,134,Mobile - China Mobile,,mobile,false
CHN,135,Mobile - China Mobile,,mobile,false
CHN,136,Mobile - China Mobile,,mobile,false
CHN,137,Mobile - China Mobile,,mobile,false
CHN,138,Mobile - China Mobile,,mobile,false
CHN,139,Mobile - China Mobile,,mobile,false
CHN,145,Mobile - China Unicom,,mobile,false
CHN,147,Mobile - China Mobile,,mobile,false
CHN,150,Mobile - China Mobile,,mobile,false
CHN,151,Mobile - China Mobile,,mobile,false
CHN,152,Mobile - China Mobile,,mobile,false
CHN,153,Mobile - China Telecom,,mobile,false
CHN,155,Mobile - China Unicom,,mobile,false
CHN,156,Mobile - China Unicom,,mobile,false
CHN,157,Mobile - China Mobile,,mobile,false
CHN,158,Mobile - China Mobile,,mobile,false
CHN,159,Mobile - China Mobile,,mobile,false
CHN,166,Mobile - China Unicom,,mobile,false
CHN,170,Mobile - Various MVNO,,mobile,false
CHN,171,Mobile - Various MVNO,,mobile,false
CHN,175,Mobile - China Unicom,,mobile,false
CHN,176,Mobile - China Unicom,,mobile,false
CHN,177,Mobile - China Telecom,,mobile,false
CHN,178,Mobile - China Mobile,,mobile,false
CHN,180,Mobile - China Telecom,,mobile,false
CHN,181,Mobile - China Telecom,,mobile,false
CHN,182,Mobile - China Mobile,,mobile,false
CHN,183,Mobile - China Mobile,,mobile,false
CHN,184,Mobile - China Mobile,,mobile,false
CHN,185,Mobile - China Unicom,,mobile,false
CHN,186,Mobile - China Unicom,,mobile,false
CHN,187,Mobile - China Mobile,,mobile,false
CHN,188,Mobile - China Mobile,,mobile,false
CHN,189,Mobile - China Telecom,,mobile,false
CHN,190,Mobile - China Broadnet,,mobile,false
CHN,191,Mobile - China Telecom,,mobile,false
CHN,192,Mobile - China Broadnet,,mobile,false
CHN,193,Mobile - China Telecom,,mobile,false
CHN,195,Mobile - China Mobile,,mobile,false
CHN,196,Mobile - China Unicom,,mobile,false
CHN,197,Mobile - China Broadnet,,mobile,false
CHN,198,Mobile - China Mobile,,mobile,false
CHN,199,Mobile - China Telecom,,mobile,false
CHN,400,Shared cost (business),,shared-cost,false
CHN,800,Freephone,,toll-free,false
JPN,3,Tokyo,Tokyo,geographic,true
JPN,6,Osaka,Osaka,geographic,true
JPN,11,Sapporo,Hokkaido,geographic,true
JPN,22,Sendai,Miyagi,geographic,true
JPN,42,Tama (West Tokyo),Tokyo,geographic,true
JPN,43,Chiba,Chiba,geographic,true
JPN,45,Yokohama,Kanagawa,geographic,true
JPN,48,Saitama/Kawaguchi,Saitama,geographic,true
JPN,52,Nagoya,Aichi,geographic,true
JPN,54,Shizuoka,Shizuoka,geographic,true
JPN,58,Gifu,Gifu,geographic,true
JPN,72,Sakai,Osaka,geographic,true
JPN,75,Kyoto,Kyoto,geographic,true
JPN,76,Kanazawa,Ishikawa,geographic,true
JPN,77,Otsu,Shiga,geographic,true
JPN,78,Kobe,Hyogo,geographic,true
JPN,82,Hiroshima,Hiroshima,geographic,true
JPN,83,Yamaguchi,Yamaguchi,geographic,true
JPN,86,Okayama,Okayama,geographic,true
JPN,87,Takamatsu,Kagawa,geographic,true
JPN,88,Tokushima/Kochi,Shikoku,geographic,true
JPN,89,Matsuyama,Ehime,geographic,true
JPN,92,Fukuoka,Fukuoka,geographic,true
JPN,93,Kitakyushu,Fukuoka,geographic,true
JPN,95,Nagasaki,Nagasaki,geographic,true
JPN,96,Kumamoto,Kumamoto,geographic,true
JPN,97,Oita,Oita,geographic,true
JPN,98,Naha,Okinawa,geographic,true
JPN,99,Kagoshima,Kagoshima,geographic,true
JPN,138,Hakodate,Hokkaido,geographic,true
JPN,154,Kushiro,Hokkaido,geographic,true
JPN,155,Obihiro,Hokkaido,geographic,true
JPN,166,Asahikawa,Hokkaido,geographic,true
JPN,172,Hirosaki,Aomori,geographic,true
JPN,176,Aomori,Aomori,geographic,true
JPN,178,Hachinohe,Aomori,geographic,true
JPN,182,Yokote,Akita,geographic,true
JPN,184,Noshiro,Akita,geographic,true
JPN,186,Akita,Akita,geographic,true
JPN,187,Daisen,Akita,geographic,true
JPN,188,Akita (overlay),Akita,geographic,true
JPN,191,Ichinoseki,Iwate,geographic,true
JPN,193,Miyako,Iwate,geographic,true
JPN,194,Kamaishi,Iwate,geographic,true
JPN,196,Morioka,Iwate,geographic,true
JPN,197,Mizusawa,Iwate,geographic,true
JPN,198,Morioka (overlay),Iwate,geographic,true
JPN,223,Ishinomaki,Miyagi,geographic,true
JPN,224,Furukawa,Miyagi,geographic,true
JPN,225,Shiogama,Miyagi,geographic,true
JPN,226,Kesennuma,Miyagi,geographic,true
JPN,228,Tome,Miyagi,geographic,true
JPN,229,Natori,Miyagi,geographic,true
JPN,233,Yamagata,Yamagata,geographic,true
JPN,234,Sakata,Yamagata,geographic,true
JPN,235,Tsuruoka,Yamagata,geographic,true
JPN,236,Tendo,Yamagata,geographic,true
JPN,238,Yonezawa,Yamagata,geographic,true
JPN,241,Aizu-Wakamatsu,Fukushima,geographic,true
JPN,242,Koriyama,Fukushima,geographic,true
JPN,243,Nihonmatsu,Fukushima,geographic,true
JPN,244,Soma,Fukushima,geographic,true
JPN,245,Iwaki (overlay),Fukushima,geographic,true
JPN,246,Iwaki,Fukushima,geographic,true
JPN,248,Sukagawa,Fukushima,geographic,true
JPN,70,Mobile (PHS/IP),,mobile,false
JPN,80,Mobile,,mobile,false
JPN,90,Mobile,,mobile,false
JPN,50,IP phone (VoIP),,voip,false
JPN,120,Freephone,,toll-free,false
JPN,570,Navi Dial,,shared-cost,false
JPN,990,Premium rate,,premium-rate,false
KOR,2,Seoul,Seoul,geographic,true
KOR,31,Gyeonggi,Gyeonggi,geographic,true
KOR,32,Incheon,Incheon,geographic,true
KOR,33,Gangwon,Gangwon,geographic,true
KOR,41,Chungnam,South Chungcheong,geographic,true
KOR,42,Daejeon,Daejeon,geographic,true
KOR,43,Chungbuk,North Chungcheong,geographic,true
KOR,44,Sejong,Sejong,geographic,true
KOR,51,Busan,Busan,geographic,true
KOR,52,Ulsan,Ulsan,geographic,true
KOR,53,Daegu,Daegu,geographic,true
KOR,54,Gyeongbuk,North Gyeongsang,geographic,true
KOR,55,Gyeongnam,South Gyeongsang,geographic,true
KOR,61,Jeonnam,South Jeolla,geographic,true
KOR,62,Gwangju,Gwangju,geographic,true
KOR,63,Jeonbuk,North Jeolla,geographic,true
KOR,64,Jeju,Jeju,geographic,true
KOR,10,Mobile - SKT/KT/LG U+,,mobile,false
KOR,11,Mobile - SKT,,mobile,false
KOR,16,Mobile - KT,,mobile,false
KOR,17,Mobile - SKT,,mobile,false
KOR,18,Mobile - LG U+,,mobile,false
KOR,19,Mobile - LG U+,,mobile,false
KOR,70,VoIP,,voip,false
KOR,80,Freephone,,toll-free,false
KOR,60,Premium rate,,premium-rate,false
IND,11,New Delhi,Delhi,geographic,true
IND,20,Pune,Maharashtra,geographic,true
IND,22,Mumbai,Maharashtra,geographic,true
IND,33,Kolkata,West Bengal,geographic,true
IND,40,Hyderabad,Telangana,geographic,true
IND,44,Chennai,Tamil Nadu,geographic,true
IND,79,Ahmedabad,Gujarat,geographic,true
IND,80,Bangalore,Karnataka,geographic,true
IND,120,Ghaziabad/Noida,Uttar Pradesh,geographic,true
IND,124,Gurgaon/Gurugram,Haryana,geographic,true
IND,141,Jaipur,Rajasthan,geographic,true
IND,161,Ludhiana,Punjab,geographic,true
IND,172,Chandigarh,Chandigarh,geographic,true
IND,181,Jalandhar,Punjab,geographic,true
IND,183,Amritsar,Punjab,geographic,true
IND,194,Srinagar,J&K,geographic,true
IND,212,Solapur,Maharashtra,geographic,true
IND,240,Aurangabad,Maharashtra,geographic,true
IND,250,Nashik,Maharashtra,geographic,true
IND,261,Surat,Gujarat,geographic,true
IND,265,Vadodara,Gujarat,geographic,true
IND,278,Rajkot,Gujarat,geographic,true
IND,343,Siliguri,West Bengal,geographic,true
IND,361,Guwahati,Assam,geographic,true
IND,389,Shillong,Meghalaya,geographic,true
IND,413,Pondicherry,Puducherry,geographic,true
IND,422,Coimbatore,Tamil Nadu,geographic,true
IND,452,Madurai,Tamil Nadu,geographic,true
IND,471,Thiruvananthapuram,Kerala,geographic,true
IND,484,Kochi,Kerala,geographic,true
IND,495,Kozhikode,Kerala,geographic,true
IND,512,Kanpur,Uttar Pradesh,geographic,true
IND,522,Lucknow,Uttar Pradesh,geographic,true
IND,532,Allahabad/Prayagraj,Uttar Pradesh,geographic,true
IND,542,Varanasi,Uttar Pradesh,geographic,true
IND,562,Agra,Uttar Pradesh,geographic,true
IND,591,Dehradun,Uttarakhand,geographic,true
IND,612,Patna,Bihar,geographic,true
IND,631,Jamshedpur,Jharkhand,geographic,true
IND,651,Ranchi,Jharkhand,geographic,true
IND,671,Bhubaneswar,Odisha,geographic,true
IND,712,Nagpur,Maharashtra,geographic,true
IND,731,Indore,Madhya Pradesh,geographic,true
IND,755,Bhopal,Madhya Pradesh,geographic,true
IND,761,Jabalpur,Madhya Pradesh,geographic,true
IND,771,Raipur,Chhattisgarh,geographic,true
IND,821,Mysore/Mysuru,Karnataka,geographic,true
IND,831,Belgaum/Belagavi,Karnataka,geographic,true
IND,866,Vijayawada,Andhra Pradesh,geographic,true
IND,891,Visakhapatnam,Andhra Pradesh,geographic,true
IND,70,Mobile - BSNL/MTNL,,mobile,false
IND,72,Mobile - Various,,mobile,false
IND,73,Mobile - Various,,mobile,false
IND,74,Mobile - Various,,mobile,false
IND,75,Mobile - Various,,mobile,false
IND,76,Mobile - Various,,mobile,false
IND,77,Mobile - Various,,mobile,false
IND,78,Mobile - Various,,mobile,false
IND,81,Mobile - Various,,mobile,false
IND,82,Mobile - Various,,mobile,false
IND,83,Mobile - Various,,mobile,false
IND,84,Mobile - Various,,mobile,false
IND,85,Mobile - Various,,mobile,false
IND,86,Mobile - Various,,mobile,false
IND,87,Mobile - Various,,mobile,false
IND,88,Mobile - Various,,mobile,false
IND,89,Mobile - Various,,mobile,false
IND,90,Mobile - Various,,mobile,false
IND,91,Mobile - Various,,mobile,false
IND,92,Mobile - Various,,mobile,false
IND,93,Mobile - Various,,mobile,false
IND,94,Mobile - Various,,mobile,false
IND,95,Mobile - Various,,mobile,false
IND,96,Mobile - Various,,mobile,false
IND,97,Mobile - Various,,mobile,false
IND,98,Mobile - Various,,mobile,false
IND,99,Mobile - Various,,mobile,false
IND,800,Freephone,,toll-free,false
IND,900,Premium rate,,premium-rate,false
PAK,21,Karachi,Sindh,geographic,true
PAK,22,Hyderabad (Sindh),Sindh,geographic,true
PAK,41,Faisalabad,Punjab,geographic,true
PAK,42,Lahore,Punjab,geographic,true
PAK,51,Islamabad/Rawalpindi,ICT/Punjab,geographic,true
PAK,52,Sargodha,Punjab,geographic,true
PAK,53,Gujranwala,Punjab,geographic,true
PAK,55,Sialkot,Punjab,geographic,true
PAK,56,Jhelum,Punjab,geographic,true
PAK,61,Multan,Punjab,geographic,true
PAK,62,Bahawalpur,Punjab,geographic,true
PAK,63,Dera Ghazi Khan,Punjab,geographic,true
PAK,64,Sahiwal,Punjab,geographic,true
PAK,65,Rahim Yar Khan,Punjab,geographic,true
PAK,66,Vehari,Punjab,geographic,true
PAK,67,Muzaffargarh,Punjab,geographic,true
PAK,68,Larkana,Sindh,geographic,true
PAK,71,Sukkur,Sindh,geographic,true
PAK,81,Quetta,Balochistan,geographic,true
PAK,91,Peshawar,Khyber Pakhtunkhwa,geographic,true
PAK,92,Mardan,Khyber Pakhtunkhwa,geographic,true
PAK,943,Muzaffarabad,AJK,geographic,true
PAK,946,Swat/Mingora,KPK,geographic,true
PAK,945,Dir,KPK,geographic,true
PAK,300,Mobile - Jazz,,mobile,false
PAK,301,Mobile - Jazz,,mobile,false
PAK,302,Mobile - Jazz,,mobile,false
PAK,303,Mobile - Ufone,,mobile,false
PAK,304,Mobile - Ufone,,mobile,false
PAK,305,Mobile - SCO,,mobile,false
PAK,306,Mobile - Telenor,,mobile,false
PAK,307,Mobile - Warid/Jazz,,mobile,false
PAK,308,Mobile - Zong,,mobile,false
PAK,309,Mobile - Ufone,,mobile,false
PAK,310,Mobile - Jazz,,mobile,false
PAK,311,Mobile - Ufone,,mobile,false
PAK,312,Mobile - Ufone,,mobile,false
PAK,313,Mobile - Zong,,mobile,false
PAK,314,Mobile - Zong,,mobile,false
PAK,315,Mobile - Zong,,mobile,false
PAK,316,Mobile - Zong,,mobile,false
PAK,317,Mobile - Warid/Jazz,,mobile,false
PAK,318,Mobile - Zong,,mobile,false
PAK,320,Mobile - Jazz,,mobile,false
PAK,321,Mobile - Jazz,,mobile,false
PAK,322,Mobile - Jazz,,mobile,false
PAK,323,Mobile - Ufone,,mobile,false
PAK,324,Mobile - Jazz,,mobile,false
PAK,325,Mobile - Jazz,,mobile,false
PAK,330,Mobile - Jazz,,mobile,false
PAK,331,Mobile - Jazz,,mobile,false
PAK,332,Mobile - Jazz,,mobile,false
PAK,333,Mobile - Ufone,,mobile,false
PAK,334,Mobile - Telenor,,mobile,false
PAK,335,Mobile - Telenor,,mobile,false
PAK,340,Mobile - Telenor,,mobile,false
PAK,341,Mobile - Telenor,,mobile,false
PAK,342,Mobile - Telenor,,mobile,false
PAK,343,Mobile - Telenor,,mobile,false
PAK,344,Mobile - Telenor,,mobile,false
PAK,345,Mobile - Telenor,,mobile,false
PAK,346,Mobile - Telenor,,mobile,false
PAK,347,Mobile - Telenor,,mobile,false
PAK,348,Mobile - Telenor,,mobile,false
PAK,349,Mobile - Telenor,,mobile,false
PAK,800,Freephone,,toll-free,false
BGD,2,Dhaka,Dhaka,geographic,true
BGD,31,Chittagong,Chittagong,geographic,true
BGD,41,Sylhet,Sylhet,geographic,true
BGD,51,Mymensingh,Mymensingh,geographic,true
BGD,61,Khulna,Khulna,geographic,true
BGD,71,Rajshahi,Rajshahi,geographic,true
BGD,81,Barisal,Barisal,geographic,true
BGD,91,Rangpur,Rangpur,geographic,true
BGD,321,Cox's Bazar,Chittagong,geographic,true
BGD,341,Comilla,Chittagong,geographic,true
BGD,431,Habiganj,Sylhet,geographic,true
BGD,461,Noakhali,Chittagong,geographic,true
BGD,521,Bogra,Rajshahi,geographic,true
BGD,541,Jessore/Jashore,Khulna,geographic,true
BGD,561,Dinajpur,Rangpur,geographic,true
BGD,621,Faridpur,Dhaka,geographic,true
BGD,641,Pabna,Rajshahi,geographic,true
BGD,721,Naogaon,Rajshahi,geographic,true
BGD,741,Kushtia,Khulna,geographic,true
BGD,751,Natore,Rajshahi,geographic,true
BGD,761,Nawabganj,Rajshahi,geographic,true
BGD,821,Patuakhali,Barisal,geographic,true
BGD,831,Pirojpur,Barisal,geographic,true
BGD,13,Mobile - Grameenphone,,mobile,false
BGD,14,Mobile - Banglalink,,mobile,false
BGD,15,Mobile - Teletalk,,mobile,false
BGD,16,Mobile - Robi,,mobile,false
BGD,17,Mobile - Grameenphone,,mobile,false
BGD,18,Mobile - Robi,,mobile,false
BGD,19,Mobile - Banglalink,,mobile,false
BGD,800,Freephone,,toll-free,false
LKA,11,Colombo,Western,geographic,true
LKA,21,Jaffna,Northern,geographic,true
LKA,23,Trincomalee,Eastern,geographic,true
LKA,24,Batticaloa,Eastern,geographic,true
LKA,25,Anuradhapura,North Central,geographic,true
LKA,26,Ampara,Eastern,geographic,true
LKA,27,Polonnaruwa,North Central,geographic,true
LKA,31,Negombo,Western,geographic,true
LKA,32,Chilaw,North Western,geographic,true
LKA,33,Gampaha,Western,geographic,true
LKA,34,Kalutara,Western,geographic,true
LKA,35,Avissawella,Sabaragamuwa,geographic,true
LKA,36,Ratnapura,Sabaragamuwa,geographic,true
LKA,37,Kurunegala,North Western,geographic,true
LKA,38,Kandy (overlay),Central,geographic,true
LKA,41,Matara,Southern,geographic,true
LKA,45,Kegalle,Sabaragamuwa,geographic,true
LKA,47,Hambantota,Southern,geographic,true
LKA,51,Hatton/Nuwara Eliya,Central,geographic,true
LKA,52,Bandarawela,Uva,geographic,true
LKA,54,Nawalapitiya,Central,geographic,true
LKA,55,Badulla,Uva,geographic,true
LKA,57,Monaragala,Uva,geographic,true
LKA,63,Puttalam,North Western,geographic,true
LKA,65,Matale,Central,geographic,true
LKA,66,Mannar,Northern,geographic,true
LKA,67,Vavuniya,Northern,geographic,true
LKA,81,Kandy,Central,geographic,true
LKA,91,Galle,Southern,geographic,true
LKA,70,Mobile - Mobitel,,mobile,false
LKA,71,Mobile - Mobitel,,mobile,false
LKA,72,Mobile - Hutch,,mobile,false
LKA,75,Mobile - Airtel,,mobile,false
LKA,76,Mobile - Dialog,,mobile,false
LKA,77,Mobile - Dialog,,mobile,false
LKA,78,Mobile - Hutch,,mobile,false
LKA,800,Freephone,,toll-free,false
LKA,900,Premium rate,,premium-rate,false
NPL,1,Kathmandu,Bagmati,geographic,true
NPL,10,Kathmandu (overlay),Bagmati,geographic,true
NPL,21,Biratnagar,Province 1,geographic,true
NPL,23,Dharan,Province 1,geographic,true
NPL,25,Janakpur,Province 2,geographic,true
NPL,33,Hetauda,Bagmati,geographic,true
NPL,41,Pokhara,Gandaki,geographic,true
NPL,56,Butwal/Bhairahawa,Lumbini,geographic,true
NPL,61,Nepalgunj,Banke,geographic,true
NPL,71,Dhangadhi,Sudurpashchim,geographic,true
NPL,81,Surkhet,Karnali,geographic,true
NPL,97,Mobile - Nepal Telecom,,mobile,false
NPL,98,Mobile - Ncell,,mobile,false
NPL,96,Mobile - Various,,mobile,false
NPL,800,Freephone,,toll-free,false
MMR,1,Yangon,Yangon,geographic,true
MMR,2,Mandalay,Mandalay,geographic,true
MMR,42,Sagaing,Sagaing,geographic,true
MMR,43,Monywa,Sagaing,geographic,true
MMR,51,Bago,Bago,geographic,true
MMR,52,Pyay,Bago,geographic,true
MMR,53,Taungoo,Bago,geographic,true
MMR,54,Magway,Magway,geographic,true
MMR,55,Nay Pyi Taw,Nay Pyi Taw,geographic,true
MMR,56,Meiktila,Mandalay,geographic,true
MMR,57,Myitkyina,Kachin,geographic,true
MMR,58,Taunggyi,Shan,geographic,true
MMR,59,Pathein,Ayeyarwady,geographic,true
MMR,61,Mawlamyine,Mon,geographic,true
MMR,63,Hpa-an,Kayin,geographic,true
MMR,64,Sittwe,Rakhine,geographic,true
MMR,67,Nay Pyi Taw (overlay),Nay Pyi Taw,geographic,true
MMR,71,Dawei,Tanintharyi,geographic,true
MMR,73,Myeik,Tanintharyi,geographic,true
MMR,81,Lashio,Shan,geographic,true
MMR,82,Kengtung,Shan,geographic,true
MMR,83,Tachileik,Shan,geographic,true
MMR,84,Loikaw,Kayah,geographic,true
MMR,9,Mobile - Various,,mobile,false
MMR,92,Mobile - MPT,,mobile,false
MMR,93,Mobile - MPT,,mobile,false
MMR,94,Mobile - MPT,,mobile,false
MMR,95,Mobile - Ooredoo,,mobile,false
MMR,96,Mobile - Telenor,,mobile,false
MMR,97,Mobile - Mytel,,mobile,false
MMR,99,Mobile - Various,,mobile,false
MMR,800,Freephone,,toll-free,false
THA,2,Bangkok,Bangkok,geographic,true
THA,32,Phetchaburi/Ratchaburi,Western,geographic,true
THA,34,Nakhon Pathom/Samut Sakhon,Central,geographic,true
THA,35,Ayutthaya/Ang Thong,Central,geographic,true
THA,36,Lopburi/Sing Buri,Central,geographic,true
THA,37,Saraburi/Nakhon Nayok,Central,geographic,true
THA,38,Chonburi/Pattaya,Eastern,geographic,true
THA,39,Chanthaburi/Trat,Eastern,geographic,true
THA,42,Udon Thani/Loei,Northeastern,geographic,true
THA,43,Khon Kaen/Kalasin,Northeastern,geographic,true
THA,44,Nakhon Ratchasima/Korat,Northeastern,geographic,true
THA,45,Ubon Ratchathani,Northeastern,geographic,true
THA,53,Chiang Mai,Northern,geographic,true
THA,54,Lampang,Northern,geographic,true
THA,55,Phitsanulok/Sukhothai,Northern,geographic,true
THA,56,Nakhon Sawan/Uthai Thani,Central,geographic,true
THA,73,Pattani/Yala/Narathiwat,Southern,geographic,true
THA,74,Songkhla/Hat Yai,Southern,geographic,true
THA,75,Nakhon Si Thammarat,Southern,geographic,true
THA,76,Phuket,Southern,geographic,true
THA,77,Surat Thani/Koh Samui,Southern,geographic,true
THA,6,Mobile - Various,,mobile,false
THA,61,Mobile - AIS,,mobile,false
THA,62,Mobile - AIS,,mobile,false
THA,63,Mobile - AIS,,mobile,false
THA,64,Mobile - True,,mobile,false
THA,65,Mobile - True,,mobile,false
THA,66,Mobile - True,,mobile,false
THA,80,Mobile - AIS,,mobile,false
THA,81,Mobile - AIS,,mobile,false
THA,82,Mobile - DTAC,,mobile,false
THA,83,Mobile - AIS,,mobile,false
THA,84,Mobile - DTAC,,mobile,false
THA,85,Mobile - DTAC,,mobile,false
THA,86,Mobile - DTAC,,mobile,false
THA,87,Mobile - AIS,,mobile,false
THA,88,Mobile - True,,mobile,false
THA,89,Mobile - DTAC,,mobile,false
THA,90,Mobile - AIS,,mobile,false
THA,91,Mobile - True,,mobile,false
THA,92,Mobile - AIS,,mobile,false
THA,93,Mobile - AIS,,mobile,false
THA,94,Mobile - True,,mobile,false
THA,95,Mobile - True,,mobile,false
THA,96,Mobile - DTAC,,mobile,false
THA,97,Mobile - True,,mobile,false
THA,98,Mobile - DTAC,,mobile,false
THA,99,Mobile - AIS,,mobile,false
THA,1800,Freephone,,toll-free,false
VNM,24,Hanoi,Hanoi,geographic,true
VNM,28,Ho Chi Minh City,HCMC,geographic,true
VNM,20,Lao Cai,Northwestern,geographic,true
VNM,203,Hai Phong,Red River Delta,geographic,true
VNM,204,Bac Giang,Northeastern,geographic,true
VNM,205,Lang Son,Northeastern,geographic,true
VNM,206,Quang Ninh,Northeastern,geographic,true
VNM,207,Thai Nguyen,Northeastern,geographic,true
VNM,208,Tuyen Quang,Northeastern,geographic,true
VNM,209,Hung Yen,Red River Delta,geographic,true
VNM,210,Phu Tho,Northeastern,geographic,true
VNM,211,Ha Nam,Red River Delta,geographic,true
VNM,212,Hoa Binh,Northwestern,geographic,true
VNM,213,Son La,Northwestern,geographic,true
VNM,214,Lai Chau,Northwestern,geographic,true
VNM,215,Dien Bien,Northwestern,geographic,true
VNM,216,Yen Bai,Northwestern,geographic,true
VNM,219,Ha Giang,Northeastern,geographic,true
VNM,220,Nam Dinh,Red River Delta,geographic,true
VNM,221,Ninh Binh,Red River Delta,geographic,true
VNM,222,Thai Binh,Red River Delta,geographic,true
VNM,225,Hai Phong (overlay),Red River Delta,geographic,true
VNM,226,Vinh Phuc,Red River Delta,geographic,true
VNM,227,Bac Ninh,Red River Delta,geographic,true
VNM,228,Hai Duong,Red River Delta,geographic,true
VNM,229,Hung Yen (overlay),Red River Delta,geographic,true
VNM,232,Quang Binh,North Central Coast,geographic,true
VNM,233,Quang Tri,North Central Coast,geographic,true
VNM,234,Hue,North Central Coast,geographic,true
VNM,235,Da Nang,Central Coast,geographic,true
VNM,236,Da Nang (overlay),Central Coast,geographic,true
VNM,237,Thanh Hoa,North Central Coast,geographic,true
VNM,238,Nghe An,North Central Coast,geographic,true
VNM,239,Ha Tinh,North Central Coast,geographic,true
VNM,251,Dong Nai,Southeast,geographic,true
VNM,252,Ba Ria-Vung Tau,Southeast,geographic,true
VNM,254,Binh Duong,Southeast,geographic,true
VNM,255,Quang Ngai,South Central Coast,geographic,true
VNM,256,Binh Dinh,South Central Coast,geographic,true
VNM,257,Khanh Hoa/Nha Trang,South Central Coast,geographic,true
VNM,258,Khanh Hoa (overlay),South Central Coast,geographic,true
VNM,259,Ninh Thuan,South Central Coast,geographic,true
VNM,260,Lam Dong/Da Lat,Central Highlands,geographic,true
VNM,261,Binh Phuoc,Southeast,geographic,true
VNM,262,Dak Lak,Central Highlands,geographic,true
VNM,263,Lam Dong (overlay),Central Highlands,geographic,true
VNM,269,Gia Lai,Central Highlands,geographic,true
VNM,270,Tay Ninh,Southeast,geographic,true
VNM,271,Dong Nai (overlay),Southeast,geographic,true
VNM,272,Long An,Mekong Delta,geographic,true
VNM,273,Tien Giang,Mekong Delta,geographic,true
VNM,274,Binh Duong (overlay),Southeast,geographic,true
VNM,275,Ben Tre,Mekong Delta,geographic,true
VNM,276,Binh Thuan,South Central Coast,geographic,true
VNM,277,Vinh Long,Mekong Delta,geographic,true
VNM,290,Can Tho,Mekong Delta,geographic,true
VNM,291,Hau Giang,Mekong Delta,geographic,true
VNM,292,Can Tho (overlay),Mekong Delta,geographic,true
VNM,293,Tra Vinh,Mekong Delta,geographic,true
VNM,294,Soc Trang,Mekong Delta,geographic,true
VNM,296,An Giang,Mekong Delta,geographic,true
VNM,297,Kien Giang,Mekong Delta,geographic,true
VNM,299,Ca Mau,Mekong Delta,geographic,true
VNM,3,Mobile - Various,,mobile,false
VNM,32,Mobile - Viettel,,mobile,false
VNM,33,Mobile - Viettel,,mobile,false
VNM,34,Mobile - Viettel,,mobile,false
VNM,35,Mobile - Viettel,,mobile,false
VNM,36,Mobile - Viettel,,mobile,false
VNM,37,Mobile - Viettel,,mobile,false
VNM,38,Mobile - Viettel,,mobile,false
VNM,39,Mobile - Viettel,,mobile,false
VNM,56,Mobile - Vietnamobile,,mobile,false
VNM,58,Mobile - Vietnamobile,,mobile,false
VNM,59,Mobile - Gmobile,,mobile,false
VNM,70,Mobile - Mobifone,,mobile,false
VNM,76,Mobile - Mobifone,,mobile,false
VNM,77,Mobile - Mobifone,,mobile,false
VNM,78,Mobile - Mobifone,,mobile,false
VNM,79,Mobile - Mobifone,,mobile,false
VNM,81,Mobile - Vinaphone,,mobile,false
VNM,82,Mobile - Vinaphone,,mobile,false
VNM,83,Mobile - Vinaphone,,mobile,false
VNM,84,Mobile - Vinaphone,,mobile,false
VNM,85,Mobile - Vinaphone,,mobile,false
VNM,86,Mobile - Viettel,,mobile,false
VNM,88,Mobile - Vinaphone,,mobile,false
VNM,89,Mobile - Mobifone,,mobile,false
VNM,90,Mobile - Mobifone,,mobile,false
VNM,91,Mobile - Vinaphone,,mobile,false
VNM,92,Mobile - Vietnamobile,,mobile,false
VNM,93,Mobile - Mobifone,,mobile,false
VNM,94,Mobile - Vinaphone,,mobile,false
VNM,96,Mobile - Viettel,,mobile,false
VNM,97,Mobile - Viettel,,mobile,false
VNM,98,Mobile - Viettel,,mobile,false
VNM,99,Mobile - Gmobile,,mobile,false
VNM,1800,Freephone,,toll-free,false
VNM,1900,Shared cost/Premium,,premium-rate,false
PHL,2,Manila/Metro Manila,NCR,geographic,true
PHL,32,Cebu,Central Visayas,geographic,true
PHL,33,Iloilo,Western Visayas,geographic,true
PHL,34,Bacolod,Western Visayas,geographic,true
PHL,35,Dumaguete,Central Visayas,geographic,true
PHL,36,Kalibo,Western Visayas,geographic,true
PHL,38,Tagbilaran/Bohol,Central Visayas,geographic,true
PHL,42,Dagupan/Pangasinan,Ilocos,geographic,true
PHL,43,Batangas/Laguna,Calabarzon,geographic,true
PHL,44,Pampanga/Bulacan,Central Luzon,geographic,true
PHL,45,Tarlac/Nueva Ecija,Central Luzon,geographic,true
PHL,46,Cavite,Calabarzon,geographic,true
PHL,47,Zambales/Olongapo,Central Luzon,geographic,true
PHL,48,Lucena/Quezon,Calabarzon,geographic,true
PHL,49,Batangas (overlay),Calabarzon,geographic,true
PHL,52,Naga/Camarines Sur,Bicol,geographic,true
PHL,53,Legazpi/Albay,Bicol,geographic,true
PHL,54,Virac/Catanduanes,Bicol,geographic,true
PHL,55,Sorsogon,Bicol,geographic,true
PHL,62,Zamboanga,Zamboanga Peninsula,geographic,true
PHL,63,Cagayan de Oro,Northern Mindanao,geographic,true
PHL,64,General Santos/South Cotabato,Soccsksargen,geographic,true
PHL,65,Butuan/Agusan del Norte,Caraga,geographic,true
PHL,72,Baguio/Benguet,CAR,geographic,true
PHL,74,Laoag/Ilocos Norte,Ilocos,geographic,true
PHL,75,Tuguegarao/Cagayan,Cagayan Valley,geographic,true
PHL,77,Santiago/Isabela,Cagayan Valley,geographic,true
PHL,78,Tuguegarao (overlay),Cagayan Valley,geographic,true
PHL,82,Davao,Davao,geographic,true
PHL,83,Kidapawan/North Cotabato,Soccsksargen,geographic,true
PHL,84,Davao del Sur/del Norte,Davao,geographic,true
PHL,85,Surigao,Caraga,geographic,true
PHL,86,Iligan,Northern Mindanao,geographic,true
PHL,87,Cotabato City,BARMM,geographic,true
PHL,88,Cagayan de Oro (overlay),Northern Mindanao,geographic,true
PHL,817,Mobile - Globe,,mobile,false
PHL,905,Mobile - Globe,,mobile,false
PHL,906,Mobile - Globe,,mobile,false
PHL,907,Mobile - Smart,,mobile,false
PHL,908,Mobile - Smart,,mobile,false
PHL,909,Mobile - Smart,,mobile,false
PHL,910,Mobile - Smart,,mobile,false
PHL,912,Mobile - Smart,,mobile,false
PHL,915,Mobile - Globe,,mobile,false
PHL,916,Mobile - Globe,,mobile,false
PHL,917,Mobile - Globe,,mobile,false
PHL,918,Mobile - Smart,,mobile,false
PHL,919,Mobile - Smart,,mobile,false
PHL,920,Mobile - Smart,,mobile,false
PHL,921,Mobile - Smart,,mobile,false
PHL,922,Mobile - Smart,,mobile,false
PHL,923,Mobile - Smart,,mobile,false
PHL,926,Mobile - Globe,,mobile,false
PHL,927,Mobile - Globe,,mobile,false
PHL,928,Mobile - Smart,,mobile,false
PHL,929,Mobile - Smart,,mobile,false
PHL,930,Mobile - Smart,,mobile,false
PHL,935,Mobile - Globe,,mobile,false
PHL,936,Mobile - Globe,,mobile,false
PHL,937,Mobile - Globe,,mobile,false
PHL,938,Mobile - Smart,,mobile,false
PHL,939,Mobile - Smart,,mobile,false
PHL,940,Mobile - Smart,,mobile,false
PHL,941,Mobile - Smart,,mobile,false
PHL,942,Mobile - Smart,,mobile,false
PHL,943,Mobile - Smart,,mobile,false
PHL,945,Mobile - Globe,,mobile,false
PHL,946,Mobile - Smart,,mobile,false
PHL,947,Mobile - Smart,,mobile,false
PHL,948,Mobile - Smart,,mobile,false
PHL,949,Mobile - Smart,,mobile,false
PHL,950,Mobile - Smart,,mobile,false
PHL,951,Mobile - Smart,,mobile,false
PHL,953,Mobile - Globe,,mobile,false
PHL,955,Mobile - Globe,,mobile,false
PHL,956,Mobile - Globe,,mobile,false
PHL,961,Mobile - Smart,,mobile,false
PHL,963,Mobile - Smart,,mobile,false
PHL,965,Mobile - Globe,,mobile,false
PHL,966,Mobile - Globe,,mobile,false
PHL,967,Mobile - Globe,,mobile,false
PHL,975,Mobile - Globe,,mobile,false
PHL,976,Mobile - Globe,,mobile,false
PHL,977,Mobile - Globe,,mobile,false
PHL,978,Mobile - Globe,,mobile,false
PHL,979,Mobile - Smart,,mobile,false
PHL,991,Mobile - Smart,,mobile,false
PHL,992,Mobile - Smart,,mobile,false
PHL,994,Mobile - Smart,,mobile,false
PHL,995,Mobile - Globe,,mobile,false
PHL,996,Mobile - Globe,,mobile,false
PHL,997,Mobile - Globe,,mobile,false
PHL,999,Mobile - Smart,,mobile,false
PHL,1800,Freephone,,toll-free,false
IDN,21,Jakarta,DKI Jakarta,geographic,true
IDN,22,Bandung,West Java,geographic,true
IDN,24,Semarang,Central Java,geographic,true
IDN,31,Surabaya,East Java,geographic,true
IDN,61,Medan,North Sumatra,geographic,true
IDN,341,Malang,East Java,geographic,true
IDN,343,Pasuruan,East Java,geographic,true
IDN,351,Madiun,East Java,geographic,true
IDN,352,Bojonegoro,East Java,geographic,true
IDN,354,Kediri,East Java,geographic,true
IDN,356,Situbondo,East Java,geographic,true
IDN,361,Denpasar/Bali,Bali,geographic,true
IDN,370,Mataram/Lombok,West Nusa Tenggara,geographic,true
IDN,380,Kupang,East Nusa Tenggara,geographic,true
IDN,411,Makassar,South Sulawesi,geographic,true
IDN,431,Manado,North Sulawesi,geographic,true
IDN,451,Palu,Central Sulawesi,geographic,true
IDN,461,Kendari,Southeast Sulawesi,geographic,true
IDN,471,Gorontalo,Gorontalo,geographic,true
IDN,511,Banjarmasin,South Kalimantan,geographic,true
IDN,531,Samarinda,East Kalimantan,geographic,true
IDN,536,Palangkaraya,Central Kalimantan,geographic,true
IDN,541,Balikpapan,East Kalimantan,geographic,true
IDN,551,Pontianak,West Kalimantan,geographic,true
IDN,561,Pontianak (overlay),West Kalimantan,geographic,true
IDN,711,Palembang,South Sumatra,geographic,true
IDN,721,Bandar Lampung,Lampung,geographic,true
IDN,741,Jambi,Jambi,geographic,true
IDN,751,Padang,West Sumatra,geographic,true
IDN,761,Pekanbaru,Riau,geographic,true
IDN,771,Tanjung Pinang,Riau Islands,geographic,true
IDN,778,Batam,Riau Islands,geographic,true
IDN,901,Jayapura,Papua,geographic,true
IDN,951,Pangkal Pinang,Bangka Belitung,geographic,true
IDN,967,Jayapura (overlay),Papua,geographic,true
IDN,811,Mobile - Telkomsel,,mobile,false
IDN,812,Mobile - Telkomsel,,mobile,false
IDN,813,Mobile - Telkomsel,,mobile,false
IDN,814,Mobile - Indosat,,mobile,false
IDN,815,Mobile - Indosat,,mobile,false
IDN,816,Mobile - Indosat,,mobile,false
IDN,817,Mobile - XL,,mobile,false
IDN,818,Mobile - XL,,mobile,false
IDN,819,Mobile - XL,,mobile,false
IDN,821,Mobile - Telkomsel,,mobile,false
IDN,822,Mobile - Telkomsel,,mobile,false
IDN,823,Mobile - Telkomsel,,mobile,false
IDN,831,Mobile - XL,,mobile,false
IDN,832,Mobile - XL,,mobile,false
IDN,833,Mobile - XL,,mobile,false
IDN,838,Mobile - XL,,mobile,false
IDN,851,Mobile - Telkomsel,,mobile,false
IDN,852,Mobile - Telkomsel,,mobile,false
IDN,853,Mobile - Telkomsel,,mobile,false
IDN,855,Mobile - Indosat,,mobile,false
IDN,856,Mobile - Indosat,,mobile,false
IDN,857,Mobile - Indosat,,mobile,false
IDN,858,Mobile - Indosat,,mobile,false
IDN,859,Mobile - Indosat,,mobile,false
IDN,877,Mobile - XL,,mobile,false
IDN,878,Mobile - XL,,mobile,false
IDN,879,Mobile - XL,,mobile,false
IDN,881,Mobile - Smartfren,,mobile,false
IDN,882,Mobile - Smartfren,,mobile,false
IDN,883,Mobile - Smartfren,,mobile,false
IDN,884,Mobile - Smartfren,,mobile,false
IDN,885,Mobile - Smartfren,,mobile,false
IDN,895,Mobile - 3 (Tri),,mobile,false
IDN,896,Mobile - 3 (Tri),,mobile,false
IDN,897,Mobile - 3 (Tri),,mobile,false
IDN,898,Mobile - 3 (Tri),,mobile,false
IDN,899,Mobile - 3 (Tri),,mobile,false
IDN,800,Freephone,,toll-free,false
MYS,3,Kuala Lumpur/Selangor,KL/Selangor,geographic,true
MYS,4,Penang/Kedah/Perlis,Northern,geographic,true
MYS,5,Perak/Pahang (Cameron),Perak,geographic,true
MYS,6,Melaka/Negeri Sembilan,Southern,geographic,true
MYS,7,Johor,Johor,geographic,true
MYS,9,Pahang/Kelantan/Terengganu,East Coast,geographic,true
MYS,82,Kuching,Sarawak,geographic,true
MYS,83,Sri Aman,Sarawak,geographic,true
MYS,84,Sibu,Sarawak,geographic,true
MYS,85,Limbang/Lawas,Sarawak,geographic,true
MYS,86,Kapit/Song,Sarawak,geographic,true
MYS,87,Kota Kinabalu/Sabah West,Sabah,geographic,true
MYS,88,Kota Kinabalu,Sabah,geographic,true
MYS,89,Sandakan/Tawau,Sabah,geographic,true
MYS,10,Mobile - Digi,,mobile,false
MYS,11,Mobile - Various,,mobile,false
MYS,12,Mobile - Maxis,,mobile,false
MYS,13,Mobile - Celcom,,mobile,false
MYS,14,Mobile - Digi,,mobile,false
MYS,16,Mobile - Digi,,mobile,false
MYS,17,Mobile - Maxis,,mobile,false
MYS,18,Mobile - UMobile,,mobile,false
MYS,19,Mobile - Celcom,,mobile,false
MYS,800,Freephone,,toll-free,false
MYS,300,Shared cost,,shared-cost,false
MYS,600,Premium rate,,premium-rate,false
MYS,900,Premium rate,,premium-rate,false
SGP,6,Landline,,geographic,true
SGP,3,VoIP,,voip,false
SGP,8,Mobile,,mobile,false
SGP,9,Mobile,,mobile,false
SGP,800,Freephone,,toll-free,false
SGP,1900,Premium rate,,premium-rate,false
AUS,2,New South Wales/ACT,NSW/ACT,geographic,true
AUS,3,Victoria/Tasmania,VIC/TAS,geographic,true
AUS,7,Queensland,Queensland,geographic,true
AUS,8,SA/WA/NT,SA/WA/NT,geographic,true
AUS,4,Mobile,,mobile,false
AUS,1300,Local rate,,shared-cost,false
AUS,1800,Freephone,,toll-free,false
AUS,13,Local rate (short),,shared-cost,false
AUS,1900,Premium rate,,premium-rate,false
CXR,89164,Christmas Island,Christmas Island,geographic,true
CCK,89162,Cocos (Keeling) Islands,Cocos (Keeling) Islands,geographic,true
NZL,3,South Island/Christchurch,South Island,geographic,true
NZL,4,Wellington,Wellington,geographic,true
NZL,6,North Island (excl. Auckland/Wellington),North Island,geographic,true
NZL,7,Waikato/Bay of Plenty,Waikato,geographic,true
NZL,9,Auckland/Northland,Auckland,geographic,true
NZL,20,Mobile,,mobile,false
NZL,21,Mobile - Vodafone,,mobile,false
NZL,22,Mobile - 2degrees,,mobile,false
NZL,27,Mobile - Spark,,mobile,false
NZL,28,Mobile - 2degrees,,mobile,false
NZL,29,Mobile,,mobile,false
NZL,508,Shared cost,,shared-cost,false
NZL,800,Freephone,,toll-free,false
NZL,900,Premium rate,,premium-rate,false
TWN,2,Taipei/New Taipei,Taipei,geographic,true
TWN,3,Taoyuan/Hsinchu/Miaoli,Northern,geographic,true
TWN,4,Taichung/Changhua/Nantou,Central,geographic,true
TWN,5,Chiayi/Yunlin,Central-South,geographic,true
TWN,6,Tainan,Southern,geographic,true
TWN,7,Kaohsiung,Southern,geographic,true
TWN,8,Hualien/Taitung/Pingtung,Eastern,geographic,true
TWN,37,Miaoli,Northern,geographic,true
TWN,49,Nantou,Central,geographic,true
TWN,89,Taitung,Eastern,geographic,true
TWN,9,Mobile - Various,,mobile,false
TWN,90,Mobile - Various,,mobile,false
TWN,91,Mobile - Chunghwa,,mobile,false
TWN,92,Mobile - Various,,mobile,false
TWN,93,Mobile - Chunghwa,,mobile,false
TWN,95,Mobile - Taiwan Mobile,,mobile,false
TWN,96,Mobile - Far EasTone,,mobile,false
TWN,97,Mobile - Taiwan Star,,mobile,false
TWN,98,Mobile - Various,,mobile,false
TWN,99,Mobile - Various,,mobile,false
TWN,800,Freephone,,toll-free,false
TWN,900,Premium rate,,premium-rate,false
HKG,2,Landline,,geographic,true
HKG,3,Landline/VoIP,,geographic,true
HKG,5,Mobile,,mobile,false
HKG,6,Mobile,,mobile,false
HKG,7,Mobile (overlay),,mobile,false
HKG,9,Mobile,,mobile,false
HKG,800,Freephone,,toll-free,false
MAC,28,Landline,,geographic,true
MAC,6,Mobile,,mobile,false
MAC,800,Freephone,,toll-free,false
MNG,11,Ulaanbaatar,Ulaanbaatar,geographic,true
MNG,21,Darkhan,Darkhan-Uul,geographic,true
MNG,70,Erdenet,Orkhon,geographic,true
MNG,8,Mobile - Various,,mobile,false
MNG,9,Mobile - Various,,mobile,false
MNG,88,Mobile - Mobicom,,mobile,false
MNG,91,Mobile - Mobicom,,mobile,false
MNG,94,Mobile - Unitel,,mobile,false
MNG,95,Mobile - Unitel,,mobile,false
MNG,96,Mobile - Skytel,,mobile,false
MNG,99,Mobile - Mobicom,,mobile,false
MNG,800,Freephone,,toll-free,false
KHM,23,Phnom Penh,Phnom Penh,geographic,true
KHM,24,Kandal,Kandal,geographic,true
KHM,25,Kampong Speu,Kampong Speu,geographic,true
KHM,26,Kampong Chhnang,Kampong Chhnang,geographic,true
KHM,32,Preah Sihanouk/Sihanoukville,Preah Sihanouk,geographic,true
KHM,33,Kampot,Kampot,geographic,true
KHM,34,Kep,Kep,geographic,true
KHM,36,Takeo,Takeo,geographic,true
KHM,42,Kampong Cham,Kampong Cham,geographic,true
KHM,43,Prey Veng,Prey Veng,geographic,true
KHM,44,Svay Rieng,Svay Rieng,geographic,true
KHM,52,Pursat,Pursat,geographic,true
KHM,53,Battambang,Battambang,geographic,true
KHM,54,Banteay Meanchey,Banteay Meanchey,geographic,true
KHM,55,Pailin,Pailin,geographic,true
KHM,62,Kampong Thom,Kampong Thom,geographic,true
KHM,63,Siem Reap,Siem Reap,geographic,true
KHM,64,Preah Vihear,Preah Vihear,geographic,true
KHM,72,Kratie,Kratie,geographic,true
KHM,73,Stung Treng,Stung Treng,geographic,true
KHM,74,Ratanakiri,Ratanakiri,geographic,true
KHM,75,Mondulkiri,Mondulkiri,geographic,true
KHM,10,Mobile - Smart,,mobile,false
KHM,11,Mobile - Smart,,mobile,false
KHM,12,Mobile - Cellcard,,mobile,false
KHM,15,Mobile - Cellcard,,mobile,false
KHM,16,Mobile - Smart,,mobile,false
KHM,17,Mobile - Cellcard,,mobile,false
KHM,31,Mobile - Beeline,,mobile,false
KHM,60,Mobile - Smart (overlay),,mobile,false
KHM,69,Mobile - Smart,,mobile,false
KHM,70,Mobile - Smart,,mobile,false
KHM,71,Mobile - Metfone,,mobile,false
KHM,76,Mobile - Seatel,,mobile,false
KHM,77,Mobile - Metfone,,mobile,false
KHM,78,Mobile - Metfone,,mobile,false
KHM,85,Mobile - Cellcard,,mobile,false
KHM,86,Mobile - Smart,,mobile,false
KHM,87,Mobile - Metfone,,mobile,false
KHM,88,Mobile - Metfone,,mobile,false
KHM,89,Mobile - Metfone,,mobile,false
KHM,92,Mobile - Cellcard,,mobile,false
KHM,93,Mobile - Smart,,mobile,false
KHM,95,Mobile - Cellcard,,mobile,false
KHM,96,Mobile - Smart,,mobile,false
KHM,97,Mobile - Metfone,,mobile,false
KHM,98,Mobile - Metfone,,mobile,false
KHM,99,Mobile - Various,,mobile,false
KHM,800,Freephone,,toll-free,false
LAO,21,Vientiane,Vientiane,geographic,true
LAO,23,Xiangkhouang,Xiangkhouang,geographic,true
LAO,25,Savannakhet,Savannakhet,geographic,true
LAO,30,Luang Prabang (overlay),Luang Prabang,geographic,true
LAO,31,Champasak/Pakse,Champasak,geographic,true
LAO,34,Bokeo,Bokeo,geographic,true
LAO,36,Oudomxay,Oudomxay,geographic,true
LAO,41,Luang Prabang,Luang Prabang,geographic,true
LAO,54,Phongsali,Phongsali,geographic,true
LAO,71,Luang Prabang (overlay),Luang Prabang,geographic,true
LAO,20,Mobile - Various,,mobile,false
LAO,50,Mobile - ETL,,mobile,false
LAO,55,Mobile - ETL,,mobile,false
LAO,77,Mobile - Lao Telecom,,mobile,false
LAO,78,Mobile - Unitel,,mobile,false
LAO,79,Mobile - Tplus,,mobile,false
LAO,800,Freephone,,toll-free,false
BRN,2,Landline - Bandar Seri Begawan,,geographic,true
BRN,3,Landline - Belait/Tutong,,geographic,true
BRN,4,Landline - Temburong,,geographic,true
BRN,7,Mobile - DST,,mobile,false
BRN,8,Mobile - Progresif,,mobile,false
BRN,800,Freephone,,toll-free,false
FJI,3,Suva/Southeast Viti Levu,,geographic,true
FJI,6,Nadi/Lautoka/West Viti Levu,,geographic,true
FJI,7,Mobile - Digicel,,mobile,false
FJI,8,Vanua Levu,,geographic,true
FJI,9,Mobile - Vodafone,,mobile,false
FJI,800,Freephone,,toll-free,false
PNG,3,Port Moresby landline,,geographic,true
PNG,4,Highlands/Islands landline,,geographic,true
PNG,5,Momase/Islands landline,,geographic,true
PNG,7,Mobile - Digicel/Bmobile,,mobile,false
PNG,800,Freephone,,toll-free,false
WSM,2,Samoa landline,,geographic,true
WSM,7,Samoa mobile,,mobile,false
TON,2,Tonga landline,,geographic,true
TON,7,Tonga mobile,,mobile,false
VUT,2,Vanuatu landline,,geographic,true
VUT,5,Vanuatu mobile,,mobile,false
VUT,7,Vanuatu mobile,,mobile,false
SLB,2,Solomon Islands landline,,geographic,true
SLB,7,Solomon Islands mobile,,mobile,false
KIR,2,Kiribati landline,,geographic,true
KIR,7,Kiribati mobile,,mobile,false
MHL,2,Marshall Islands landline,,geographic,true
FSM,3,Micronesia landline,,geographic,true
PLW,4,Palau landline,,geographic,true
PLW,7,Palau mobile,,mobile,false
NRU,4,Nauru landline,,geographic,true
TUV,2,Tuvalu landline,,geographic,true
COK,2,Cook Islands landline,,geographic,true
NIU,4,Niue landline,,geographic,true
TKL,2,Tokelau landline,,geographic,true
MDV,3,Male landline,,geographic,true
MDV,6,Atolls landline,,geographic,true
MDV,7,Mobile - Dhiraagu,,mobile,false
MDV,9,Mobile - Ooredoo,,mobile,false
MDV,800,Freephone,,toll-free,false
BTN,2,Thimphu,,geographic,true
BTN,3,Paro/Haa,,geographic,true
BTN,4,Punakha/Wangdue,,geographic,true
BTN,5,Bumthang/Trongsa,,geographic,true
BTN,6,Trashigang,,geographic,true
BTN,7,Mobile - B-Mobile,,mobile,false
BTN,8,Mobile - TashiCell,,mobile,false
BTN,17,Mobile - B-Mobile,,mobile,false
BTN,77,Mobile - B-Mobile,,mobile,false
TLS,3,Dili landline,,geographic,true
TLS,77,Mobile - Timor Telecom,,mobile,false
TLS,78,Mobile - Telemor,,mobile,false
RUS,495,Moscow,Moscow,geographic,true
RUS,499,Moscow (overlay),Moscow,geographic,true
RUS,498,Moscow Oblast,Moscow Oblast,geographic,true
RUS,496,Moscow Oblast (overlay),Moscow Oblast,geographic,true
RUS,812,Saint Petersburg,Saint Petersburg,geographic,true
RUS,813,Leningrad Oblast,Leningrad Oblast,geographic,true
RUS,343,Yekaterinburg,Sverdlovsk Oblast,geographic,true
RUS,383,Novosibirsk,Novosibirsk Oblast,geographic,true
RUS,351,Chelyabinsk,Chelyabinsk Oblast,geographic,true
RUS,846,Samara,Samara Oblast,geographic,true
RUS,831,Nizhny Novgorod,Nizhny Novgorod Oblast,geographic,true
RUS,843,Kazan,Republic of Tatarstan,geographic,true
RUS,863,Rostov-on-Don,Rostov Oblast,geographic,true
RUS,347,Ufa,Republic of Bashkortostan,geographic,true
RUS,342,Perm,Perm Krai,geographic,true
RUS,473,Voronezh,Voronezh Oblast,geographic,true
RUS,472,Voronezh Oblast,Voronezh Oblast,geographic,true
RUS,391,Krasnoyarsk,Krasnoyarsk Krai,geographic,true
RUS,381,Omsk,Omsk Oblast,geographic,true
RUS,345,Tyumen,Tyumen Oblast,geographic,true
RUS,3452,Tyumen (overlay),Tyumen Oblast,geographic,true
RUS,861,Krasnodar,Krasnodar Krai,geographic,true
RUS,862,Sochi,Krasnodar Krai,geographic,true
RUS,844,Volgograd,Volgograd Oblast,geographic,true
RUS,8442,Volgograd (overlay),Volgograd Oblast,geographic,true
RUS,845,Saratov,Saratov Oblast,geographic,true
RUS,8452,Saratov (overlay),Saratov Oblast,geographic,true
RUS,841,Penza,Penza Oblast,geographic,true
RUS,8412,Penza (overlay),Penza Oblast,geographic,true
RUS,842,Ulyanovsk,Ulyanovsk Oblast,geographic,true
RUS,836,Yoshkar-Ola,Republic of Mari El,geographic,true
RUS,8362,Yoshkar-Ola (overlay),Republic of Mari El,geographic,true
RUS,352,Kurgan,Kurgan Oblast,geographic,true
RUS,341,Izhevsk,Udmurt Republic,geographic,true
RUS,3412,Izhevsk (overlay),Udmurt Republic,geographic,true
RUS,833,Cheboksary,Chuvash Republic,geographic,true
RUS,8332,Kirov,Kirov Oblast,geographic,true
RUS,8352,Cheboksary (overlay),Chuvash Republic,geographic,true
RUS,834,Saransk,Republic of Mordovia,geographic,true
RUS,8342,Saransk (overlay),Republic of Mordovia,geographic,true
RUS,471,Tula,Tula Oblast,geographic,true
RUS,4712,Kursk,Kursk Oblast,geographic,true
RUS,4722,Belgorod,Belgorod Oblast,geographic,true
RUS,474,Lipetsk,Lipetsk Oblast,geographic,true
RUS,4742,Lipetsk (overlay),Lipetsk Oblast,geographic,true
RUS,475,Tambov,Tambov Oblast,geographic,true
RUS,4752,Tambov (overlay),Tambov Oblast,geographic,true
RUS,481,Smolensk,Smolensk Oblast,geographic,true
RUS,4812,Smolensk (overlay),Smolensk Oblast,geographic,true
RUS,482,Tver,Tver Oblast,geographic,true
RUS,4822,Tver (overlay),Tver Oblast,geographic,true
RUS,483,Bryansk,Bryansk Oblast,geographic,true
RUS,4832,Bryansk (overlay),Bryansk Oblast,geographic,true
RUS,484,Kaluga,Kaluga Oblast,geographic,true
RUS,4842,Kaluga (overlay),Kaluga Oblast,geographic,true
RUS,485,Yaroslavl,Yaroslavl Oblast,geographic,true
RUS,4852,Yaroslavl (overlay),Yaroslavl Oblast,geographic,true
RUS,486,Ivanovo,Ivanovo Oblast,geographic,true
RUS,4862,Oryol,Oryol Oblast,geographic,true
RUS,487,Kostroma,Kostroma Oblast,geographic,true
RUS,4872,Tula (overlay),Tula Oblast,geographic,true
RUS,491,Ryazan,Ryazan Oblast,geographic,true
RUS,4912,Ryazan (overlay),Ryazan Oblast,geographic,true
RUS,492,Vladimir,Vladimir Oblast,geographic,true
RUS,4922,Vladimir (overlay),Vladimir Oblast,geographic,true
RUS,8112,Pskov,Pskov Oblast,geographic,true
RUS,8152,Murmansk,Murmansk Oblast,geographic,true
RUS,8162,Veliky Novgorod,Novgorod Oblast,geographic,true
RUS,8172,Vologda,Vologda Oblast,geographic,true
RUS,8182,Arkhangelsk,Arkhangelsk Oblast,geographic,true
RUS,8212,Syktyvkar,Komi Republic,geographic,true
RUS,814,Petrozavodsk,Republic of Karelia,geographic,true
RUS,8142,Petrozavodsk (overlay),Republic of Karelia,geographic,true
RUS,8652,Stavropol,Stavropol Krai,geographic,true
RUS,8672,Vladikavkaz,North Ossetia-Alania,geographic,true
RUS,8712,Grozny,Chechen Republic,geographic,true
RUS,8722,Makhachkala,Republic of Dagestan,geographic,true
RUS,8732,Nazran/Magas,Republic of Ingushetia,geographic,true
RUS,8662,Nalchik,Kabardino-Balkaria,geographic,true
RUS,8782,Cherkessk,Karachay-Cherkessia,geographic,true
RUS,384,Kemerovo,Kemerovo Oblast,geographic,true
RUS,3842,Kemerovo (overlay),Kemerovo Oblast,geographic,true
RUS,385,Barnaul,Altai Krai,geographic,true
RUS,3852,Barnaul (overlay),Altai Krai,geographic,true
RUS,382,Tomsk,Tomsk Oblast,geographic,true
RUS,3822,Tomsk (overlay),Tomsk Oblast,geographic,true
RUS,390,Abakan,Republic of Khakassia,geographic,true
RUS,394,Kyzyl,Republic of Tuva,geographic,true
RUS,3952,Irkutsk,Irkutsk Oblast,geographic,true
RUS,3012,Ulan-Ude,Republic of Buryatia,geographic,true
RUS,3022,Chita,Zabaykalsky Krai,geographic,true
RUS,4112,Yakutsk,Republic of Sakha,geographic,true
RUS,4212,Khabarovsk,Khabarovsk Krai,geographic,true
RUS,4232,Vladivostok,Primorsky Krai,geographic,true
RUS,4152,Petropavlovsk-Kamchatsky,Kamchatka Krai,geographic,true
RUS,4162,Blagoveshchensk,Amur Oblast,geographic,true
RUS,4242,Yuzhno-Sakhalinsk,Sakhalin Oblast,geographic,true
RUS,4132,Magadan,Magadan Oblast,geographic,true
RUS,4272,Birobidzhan,Jewish Autonomous Oblast,geographic,true
RUS,427,Birobidzhan (overlay),Jewish Autonomous Oblast,geographic,true
RUS,3462,Surgut,Khanty-Mansi AO,geographic,true
RUS,3467,Khanty-Mansiysk,Khanty-Mansi AO,geographic,true
RUS,3494,Salekhard,Yamalo-Nenets AO,geographic,true
RUS,3496,Noyabrsk,Yamalo-Nenets AO,geographic,true
RUS,8692,Sevastopol,Sevastopol,geographic,true
RUS,365,Simferopol (Crimea),Republic of Crimea,geographic,true
RUS,3652,Simferopol (overlay),Republic of Crimea,geographic,true
RUS,869,Sevastopol (overlay),Sevastopol,geographic,true
RUS,900,Mobile - Various,,mobile,false
RUS,901,Mobile - Various,,mobile,false
RUS,902,Mobile - Various,,mobile,false
RUS,903,Mobile - Various,,mobile,false
RUS,904,Mobile - Various,,mobile,false
RUS,905,Mobile - MegaFon/Beeline,,mobile,false
RUS,906,Mobile - Beeline,,mobile,false
RUS,908,Mobile - MTS,,mobile,false
RUS,909,Mobile - Various,,mobile,false
RUS,910,Mobile - MTS,,mobile,false
RUS,911,Mobile - MTS,,mobile,false
RUS,912,Mobile - MTS,,mobile,false
RUS,913,Mobile - MTS,,mobile,false
RUS,914,Mobile - MTS,,mobile,false
RUS,915,Mobile - MTS,,mobile,false
RUS,916,Mobile - MTS,,mobile,false
RUS,917,Mobile - MTS,,mobile,false
RUS,918,Mobile - MTS,,mobile,false
RUS,919,Mobile - MTS,,mobile,false
RUS,920,Mobile - MegaFon,,mobile,false
RUS,921,Mobile - MegaFon,,mobile,false
RUS,922,Mobile - MegaFon,,mobile,false
RUS,923,Mobile - MegaFon,,mobile,false
RUS,924,Mobile - MegaFon,,mobile,false
RUS,925,Mobile - MTS,,mobile,false
RUS,926,Mobile - MegaFon,,mobile,false
RUS,927,Mobile - MegaFon,,mobile,false
RUS,928,Mobile - MegaFon,,mobile,false
RUS,929,Mobile - MegaFon,,mobile,false
RUS,930,Mobile - MegaFon,,mobile,false
RUS,931,Mobile - MegaFon,,mobile,false
RUS,932,Mobile - MegaFon,,mobile,false
RUS,933,Mobile - MegaFon,,mobile,false
RUS,934,Mobile - MegaFon,,mobile,false
RUS,936,Mobile - MegaFon,,mobile,false
RUS,937,Mobile - MegaFon,,mobile,false
RUS,938,Mobile - MegaFon,,mobile,false
RUS,939,Mobile - MegaFon,,mobile,false
RUS,950,Mobile - Beeline,,mobile,false
RUS,951,Mobile - Beeline,,mobile,false
RUS,952,Mobile - Beeline,,mobile,false
RUS,953,Mobile - Beeline,,mobile,false
RUS,958,Mobile - Various,,mobile,false
RUS,960,Mobile - Beeline,,mobile,false
RUS,961,Mobile - Beeline,,mobile,false
RUS,962,Mobile - Beeline,,mobile,false
RUS,963,Mobile - Beeline,,mobile,false
RUS,964,Mobile - Beeline,,mobile,false
RUS,965,Mobile - Beeline,,mobile,false
RUS,966,Mobile - Beeline,,mobile,false
RUS,967,Mobile - Beeline,,mobile,false
RUS,968,Mobile - Beeline,,mobile,false
RUS,969,Mobile - Various,,mobile,false
RUS,977,Mobile - Tele2,,mobile,false
RUS,978,Mobile - Various,,mobile,false
RUS,980,Mobile - MTS,,mobile,false
RUS,981,Mobile - MTS,,mobile,false
RUS,982,Mobile - MTS,,mobile,false
RUS,983,Mobile - MTS,,mobile,false
RUS,984,Mobile - MTS,,mobile,false
RUS,985,Mobile - MTS,,mobile,false
RUS,986,Mobile - MTS,,mobile,false
RUS,987,Mobile - MTS,,mobile,false
RUS,988,Mobile - MTS,,mobile,false
RUS,989,Mobile - MTS,,mobile,false
RUS,991,Mobile - Tele2,,mobile,false
RUS,992,Mobile - Tele2,,mobile,false
RUS,993,Mobile - Tele2,,mobile,false
RUS,994,Mobile - Tele2,,mobile,false
RUS,995,Mobile - Tele2,,mobile,false
RUS,996,Mobile - Tele2,,mobile,false
RUS,997,Mobile - Tele2,,mobile,false
RUS,999,Mobile - Tele2,,mobile,false
RUS,800,Freephone,,toll-free,false
RUS,803,Premium rate,,premium-rate,false
RUS,809,Premium rate,,premium-rate,false
KAZ,727,Almaty,Almaty,geographic,true
KAZ,7172,Astana (Nur-Sultan),Astana,geographic,true
KAZ,7112,Oral (Uralsk),West Kazakhstan,geographic,true
KAZ,7122,Atyrau,Atyrau,geographic,true
KAZ,7132,Aktau,Mangystau,geographic,true
KAZ,7142,Kokshetau,Akmola,geographic,true
KAZ,7152,Petropavlovsk,North Kazakhstan,geographic,true
KAZ,7162,Kostanay,Kostanay,geographic,true
KAZ,7182,Pavlodar,Pavlodar,geographic,true
KAZ,7192,Taldykorgan,Almaty Oblast,geographic,true
KAZ,7212,Karaganda,Karaganda,geographic,true
KAZ,7222,Semey (Semipalatinsk),East Kazakhstan,geographic,true
KAZ,7232,Ust-Kamenogorsk,East Kazakhstan,geographic,true
KAZ,7242,Kyzylorda,Kyzylorda,geographic,true
KAZ,7252,Shymkent,Turkestan,geographic,true
KAZ,7262,Taraz,Jambyl,geographic,true
KAZ,7272,Almaty (overlay),Almaty,geographic,true
KAZ,7282,Aktobe (overlay),Aktobe,geographic,true
KAZ,7292,Aktau (overlay),Mangystau,geographic,true
KAZ,710,Astana (overlay),Astana,geographic,true
KAZ,712,Aktobe,Aktobe,geographic,true
KAZ,700,Mobile - Various,,mobile,false
KAZ,701,Mobile - Kcell,,mobile,false
KAZ,702,Mobile - Kcell,,mobile,false
KAZ,705,Mobile - Beeline,,mobile,false
KAZ,707,Mobile - Tele2,,mobile,false
KAZ,708,Mobile - Altel,,mobile,false
KAZ,747,Mobile - Beeline,,mobile,false
KAZ,750,Mobile - Altel,,mobile,false
KAZ,751,Mobile - Altel,,mobile,false
KAZ,760,Mobile - Tele2,,mobile,false
KAZ,761,Mobile - Tele2,,mobile,false
KAZ,762,Mobile - Tele2,,mobile,false
KAZ,763,Mobile - Tele2,,mobile,false
KAZ,764,Mobile - Tele2,,mobile,false
KAZ,771,Mobile - Kcell,,mobile,false
KAZ,775,Mobile - Beeline,,mobile,false
KAZ,776,Mobile - Kcell,,mobile,false
KAZ,777,Mobile - Beeline,,mobile,false
KAZ,778,Mobile - Kcell,,mobile,false
KAZ,800,Freephone,,toll-free,false
BLR,17,Minsk,Minsk,geographic,true
BLR,152,Grodno,Grodno Oblast,geographic,true
BLR,154,Lida,Grodno Oblast,geographic,true
BLR,162,Brest,Brest Oblast,geographic,true
BLR,163,Baranovichi,Brest Oblast,geographic,true
BLR,165,Pinsk,Brest Oblast,geographic,true
BLR,174,Borisov,Minsk Oblast,geographic,true
BLR,176,Molodechno,Minsk Oblast,geographic,true
BLR,177,Soligorsk,Minsk Oblast,geographic,true
BLR,212,Vitebsk,Vitebsk Oblast,geographic,true
BLR,214,Polotsk,Vitebsk Oblast,geographic,true
BLR,216,Orsha,Vitebsk Oblast,geographic,true
BLR,222,Mogilev,Mogilev Oblast,geographic,true
BLR,225,Bobruysk,Mogilev Oblast,geographic,true
BLR,232,Gomel,Gomel Oblast,geographic,true
BLR,234,Mozyr,Gomel Oblast,geographic,true
BLR,236,Rechitsa,Gomel Oblast,geographic,true
BLR,25,Mobile - Life),,mobile,false
BLR,29,Mobile - MTS/A1,,mobile,false
BLR,33,Mobile - MTS,,mobile,false
BLR,44,Mobile - A1 (Velcom),,mobile,false
BLR,800,Freephone,,toll-free,false
BLR,900,Premium rate,,premium-rate,false
GEO,32,Tbilisi,Tbilisi,geographic,true
GEO,33,Rustavi (overlay),Kvemo Kartli,geographic,true
GEO,341,Rustavi,Kvemo Kartli,geographic,true
GEO,342,Marneuli,Kvemo Kartli,geographic,true
GEO,343,Bolnisi,Kvemo Kartli,geographic,true
GEO,344,Tetritskaro,Kvemo Kartli,geographic,true
GEO,345,Tsalka,Kvemo Kartli,geographic,true
GEO,346,Gardabani,Kvemo Kartli,geographic,true
GEO,350,Gori,Shida Kartli,geographic,true
GEO,351,Kaspi,Shida Kartli,geographic,true
GEO,352,Kareli,Shida Kartli,geographic,true
GEO,353,Khashuri,Shida Kartli,geographic,true
GEO,354,Tskhinvali,South Ossetia,geographic,true
GEO,355,Java,South Ossetia,geographic,true
GEO,360,Mtskheta,Mtskheta-Mtianeti,geographic,true
GEO,361,Dusheti,Mtskheta-Mtianeti,geographic,true
GEO,362,Tianeti,Mtskheta-Mtianeti,geographic,true
GEO,363,Kazbegi,Mtskheta-Mtianeti,geographic,true
GEO,370,Telavi,Kakheti,geographic,true
GEO,371,Gurjaani,Kakheti,geographic,true
GEO,372,Sagarejo,Kakheti,geographic,true
GEO,373,Sighnaghi,Kakheti,geographic,true
GEO,374,Tsnori,Kakheti,geographic,true
GEO,375,Lagodekhi,Kakheti,geographic,true
GEO,376,Dedoplistskaro,Kakheti,geographic,true
GEO,377,Kvareli,Kakheti,geographic,true
GEO,378,Akhmeta,Kakheti,geographic,true
GEO,410,Kutaisi,Imereti,geographic,true
GEO,411,Samtredia,Imereti,geographic,true
GEO,412,Zestafoni,Imereti,geographic,true
GEO,413,Sachkhere,Imereti,geographic,true
GEO,414,Chiatura,Imereti,geographic,true
GEO,415,Terjola,Imereti,geographic,true
GEO,416,Tkibuli,Imereti,geographic,true
GEO,417,Vani,Imereti,geographic,true
GEO,418,Baghdati,Imereti,geographic,true
GEO,419,Khoni,Imereti,geographic,true
GEO,422,Batumi,Adjara,geographic,true
GEO,426,Kobuleti,Adjara,geographic,true
GEO,431,Poti,Samegrelo-Zemo Svaneti,geographic,true
GEO,432,Zugdidi,Samegrelo-Zemo Svaneti,geographic,true
GEO,433,Senaki,Samegrelo-Zemo Svaneti,geographic,true
GEO,434,Khobi,Samegrelo-Zemo Svaneti,geographic,true
GEO,435,Martvili,Samegrelo-Zemo Svaneti,geographic,true
GEO,436,Abasha,Samegrelo-Zemo Svaneti,geographic,true
GEO,437,Mestia,Samegrelo-Zemo Svaneti,geographic,true
GEO,438,Tsalenjikha,Samegrelo-Zemo Svaneti,geographic,true
GEO,439,Chkhorotsku,Samegrelo-Zemo Svaneti,geographic,true
GEO,55,Mobile - Geocell/Silknet,,mobile,false
GEO,57,Mobile - Magti,,mobile,false
GEO,58,Mobile - Beeline,,mobile,false
GEO,59,Mobile - Various,,mobile,false
GEO,68,Mobile - Various,,mobile,false
GEO,71,Mobile - Various,,mobile,false
GEO,74,Mobile - Various,,mobile,false
GEO,77,Mobile - Various,,mobile,false
GEO,79,Mobile - Various,,mobile,false
GEO,800,Freephone,,toll-free,false
GEO,900,Premium rate,,premium-rate,false
ARM,10,Yerevan,Yerevan,geographic,true
ARM,11,Yerevan (overlay),Yerevan,geographic,true
ARM,222,Gyumri,Shirak,geographic,true
ARM,226,Vanadzor,Lori,geographic,true
ARM,231,Armavir,Armavir,geographic,true
ARM,232,Echmiadzin,Armavir,geographic,true
ARM,233,Ashtarak,Aragatsotn,geographic,true
ARM,234,Hrazdan,Kotayk,geographic,true
ARM,235,Charentsavan,Kotayk,geographic,true
ARM,237,Sevan,Gegharkunik,geographic,true
ARM,241,Artashat,Ararat,geographic,true
ARM,242,Ararat,Ararat,geographic,true
ARM,243,Abovyan,Kotayk,geographic,true
ARM,244,Ijevan,Tavush,geographic,true
ARM,245,Dilijan,Tavush,geographic,true
ARM,246,Stepanavan,Lori,geographic,true
ARM,247,Alaverdi,Lori,geographic,true
ARM,248,Spitak,Lori,geographic,true
ARM,252,Kapan,Syunik,geographic,true
ARM,253,Goris,Syunik,geographic,true
ARM,254,Sisian,Syunik,geographic,true
ARM,261,Yeghegnadzor,Vayots Dzor,geographic,true
ARM,262,Jermuk,Vayots Dzor,geographic,true
ARM,263,Meghri,Syunik,geographic,true
ARM,264,Gavar,Gegharkunik,geographic,true
ARM,281,Martuni,Gegharkunik,geographic,true
ARM,33,Mobile - VivaCell-MTS,,mobile,false
ARM,41,Mobile - Beeline,,mobile,false
ARM,43,Mobile - VivaCell-MTS,,mobile,false
ARM,44,Mobile - Beeline,,mobile,false
ARM,49,Mobile - Various,,mobile,false
ARM,55,Mobile - Ucom,,mobile,false
ARM,77,Mobile - Ucom,,mobile,false
ARM,91,Mobile - VivaCell-MTS,,mobile,false
ARM,93,Mobile - VivaCell-MTS,,mobile,false
ARM,94,Mobile - Beeline,,mobile,false
ARM,95,Mobile - Ucom,,mobile,false
ARM,96,Mobile - Ucom,,mobile,false
ARM,97,Mobile - Beeline,,mobile,false
ARM,98,Mobile - VivaCell-MTS,,mobile,false
ARM,99,Mobile - Beeline,,mobile,false
ARM,800,Freephone,,toll-free,false
ARM,900,Premium rate,,premium-rate,false
AZE,12,Baku,Baku,geographic,true
AZE,18,Absheron/Sumgait,Absheron,geographic,true
AZE,20,Nakhchivan,Nakhchivan,geographic,true
AZE,21,Ganja,Ganja,geographic,true
AZE,22,Sheki,Sheki,geographic,true
AZE,23,Lankaran,Lankaran,geographic,true
AZE,24,Mingachevir,Mingachevir,geographic,true
AZE,25,Shirvan,Shirvan,geographic,true
AZE,26,Yevlakh,Yevlakh,geographic,true
AZE,27,Quba,Quba,geographic,true
AZE,30,Shaki (overlay),Sheki,geographic,true
AZE,33,Agdam,Agdam,geographic,true
AZE,36,Shamkir,Shamkir,geographic,true
AZE,40,Mobile - Azerfon/Nar,,mobile,false
AZE,50,Mobile - Azercell,,mobile,false
AZE,51,Mobile - Azercell,,mobile,false
AZE,55,Mobile - Bakcell,,mobile,false
AZE,60,Mobile - Nar,,mobile,false
AZE,70,Mobile - Azercell,,mobile,false
AZE,77,Mobile - Bakcell,,mobile,false
AZE,99,Mobile - Various,,mobile,false
AZE,800,Freephone,,toll-free,false
AZE,900,Premium rate,,premium-rate,false
UZB,55,Bukhara,Bukhara,geographic,true
UZB,61,Fergana,Fergana,geographic,true
UZB,62,Samarkand,Samarkand,geographic,true
UZB,63,Namangan,Namangan,geographic,true
UZB,65,Andijan,Andijan,geographic,true
UZB,66,Djizzak,Jizzakh,geographic,true
UZB,67,Kashkadarya/Karshi,Kashkadarya,geographic,true
UZB,69,Surkhandarya/Termez,Surkhandarya,geographic,true
UZB,70,Tashkent (overlay),Tashkent,geographic,true
UZB,71,Tashkent,Tashkent,geographic,true
UZB,72,Syrdarya,Syrdarya,geographic,true
UZB,73,Khorezm/Urgench,Khorezm,geographic,true
UZB,74,Navoi,Navoi,geographic,true
UZB,75,Nukus/Karakalpakstan,Karakalpakstan,geographic,true
UZB,76,Tashkent Oblast,Tashkent Oblast,geographic,true
UZB,79,Gulistan,Syrdarya,geographic,true
UZB,33,Mobile - Ucell,,mobile,false
UZB,50,Mobile - Beeline (overlay),,mobile,false
UZB,88,Mobile - UzMobile,,mobile,false
UZB,90,Mobile - Beeline,,mobile,false
UZB,91,Mobile - Beeline,,mobile,false
UZB,93,Mobile - Ucell,,mobile,false
UZB,94,Mobile - Ucell,,mobile,false
UZB,95,Mobile - UzMobile,,mobile,false
UZB,97,Mobile - UMS,,mobile,false
UZB,98,Mobile - Perfectum,,mobile,false
UZB,99,Mobile - Ucell/Beeline,,mobile,false
UZB,800,Freephone,,toll-free,false
UZB,900,Premium rate,,premium-rate,false
TKM,12,Ashgabat,Ashgabat,geographic,true
TKM,131,Ahal,Ahal,geographic,true
TKM,22,Balkanabat,Balkan,geographic,true
TKM,241,Turkmenabat,Lebap,geographic,true
TKM,322,Dashoguz,Dashoguz,geographic,true
TKM,422,Mary,Mary,geographic,true
TKM,522,Turkmenabat (overlay),Lebap,geographic,true
TKM,6,Mobile - Altyn Asyr/TM Cell,,mobile,false
TKM,61,Mobile - Altyn Asyr,,mobile,false
TKM,62,Mobile - Altyn Asyr,,mobile,false
TKM,63,Mobile - Altyn Asyr,,mobile,false
TKM,64,Mobile - Altyn Asyr,,mobile,false
TKM,65,Mobile - Altyn Asyr,,mobile,false
TKM,66,Mobile - MTS Turkmenistan,,mobile,false
TKM,67,Mobile - MTS Turkmenistan,,mobile,false
TKM,71,Mobile - CDMA,,mobile,false
TKM,800,Freephone,,toll-free,false
TJK,37,Dushanbe,Dushanbe,geographic,true
TJK,372,Dushanbe (overlay),Dushanbe,geographic,true
TJK,342,Khujand,Sughd,geographic,true
TJK,346,Istaravshan,Sughd,geographic,true
TJK,347,Panjakent,Sughd,geographic,true
TJK,352,Kulob,Khatlon,geographic,true
TJK,322,Kurgan-Tyube/Bokhtar,Khatlon,geographic,true
TJK,312,Khorog,GBAO,geographic,true
TJK,315,Ishkashim,GBAO,geographic,true
TJK,331,Tursunzoda,DRS,geographic,true
TJK,3130,Khorog (overlay),GBAO,geographic,true
TJK,10,Mobile - Beeline,,mobile,false
TJK,11,Mobile - Megafon (TT Mobile),,mobile,false
TJK,17,Mobile - Tcell,,mobile,false
TJK,19,Mobile - Various,,mobile,false
TJK,35,Mobile - Tcell (overlay),,mobile,false
TJK,44,Mobile - Babilon-M,,mobile,false
TJK,50,Mobile - Beeline,,mobile,false
TJK,55,Mobile - Beeline,,mobile,false
TJK,77,Mobile - Tcell,,mobile,false
TJK,85,Mobile - Megafon,,mobile,false
TJK,88,Mobile - Various,,mobile,false
TJK,90,Mobile - Tcell,,mobile,false
TJK,91,Mobile - Various,,mobile,false
TJK,92,Mobile - Tcell,,mobile,false
TJK,93,Mobile - Megafon,,mobile,false
TJK,98,Mobile - Babilon-M,,mobile,false
TJK,99,Mobile - Various,,mobile,false
TJK,800,Freephone,,toll-free,false
KGZ,312,Bishkek,Bishkek,geographic,true
KGZ,313,Chuy Oblast,Chuy,geographic,true
KGZ,3131,Tokmok,Chuy,geographic,true
KGZ,3134,Kara-Balta,Chuy,geographic,true
KGZ,3222,Karakol,Issyk-Kul,geographic,true
KGZ,3232,Balykchy,Issyk-Kul,geographic,true
KGZ,3242,Cholpon-Ata,Issyk-Kul,geographic,true
KGZ,3422,Naryn,Naryn,geographic,true
KGZ,3522,Osh,Osh,geographic,true
KGZ,3622,Jalal-Abad,Jalal-Abad,geographic,true
KGZ,3722,Batken,Batken,geographic,true
KGZ,3822,Talas,Talas,geographic,true
KGZ,22,Mobile - Various,,mobile,false
KGZ,50,Mobile - MegaCom,,mobile,false
KGZ,51,Mobile - MegaCom,,mobile,false
KGZ,54,Mobile - MegaCom,,mobile,false
KGZ,55,Mobile - MegaCom,,mobile,false
KGZ,56,Mobile - Beeline,,mobile,false
KGZ,57,Mobile - O!,,mobile,false
KGZ,58,Mobile - Various,,mobile,false
KGZ,70,Mobile - Beeline,,mobile,false
KGZ,71,Mobile - O!,,mobile,false
KGZ,72,Mobile - Beeline,,mobile,false
KGZ,73,Mobile - O!,,mobile,false
KGZ,74,Mobile - Various,,mobile,false
KGZ,75,Mobile - MegaCom,,mobile,false
KGZ,77,Mobile - Beeline,,mobile,false
KGZ,78,Mobile - O!,,mobile,false
KGZ,99,Mobile - Various,,mobile,false
KGZ,800,Freephone,,toll-free,false
PRK,2,Pyongyang,Pyongyang,geographic,true
PRK,21,Pyongyang (overlay),Pyongyang,geographic,true
PRK,31,Nampo,South Pyongan,geographic,true
PRK,39,Kaesong,North Hwanghae,geographic,true
PRK,41,Hamhung,South Hamgyong,geographic,true
PRK,49,Wonsan,Kangwon,geographic,true
PRK,53,Chongjin,North Hamgyong,geographic,true
PRK,57,Sinuiju,North Pyongan,geographic,true
PRK,61,Kanggye,Chagang,geographic,true
PRK,67,Sariwon,North Hwanghae,geographic,true
PRK,73,Haeju,South Hwanghae,geographic,true
PRK,79,Hyesan,Ryanggang,geographic,true
PRK,191,Mobile - Koryolink,,mobile,false
PRK,192,Mobile - Koryolink,,mobile,false
PRK,193,Mobile - Koryolink,,mobile,false
SAU,11,Riyadh,Riyadh,geographic,true
SAU,12,Makkah/Jeddah/Taif,Makkah,geographic,true
SAU,13,Eastern Province/Dammam/Dhahran,Eastern Province,geographic,true
SAU,14,Madinah/Tabuk/Yanbu,Madinah,geographic,true
SAU,16,Qassim/Hail,Qassim,geographic,true
SAU,17,Abha/Jizan/Najran/Baha,Asir,geographic,true
SAU,50,Mobile - STC,,mobile,false
SAU,53,Mobile - STC,,mobile,false
SAU,54,Mobile - Mobily,,mobile,false
SAU,55,Mobile - STC,,mobile,false
SAU,56,Mobile - Mobily,,mobile,false
SAU,57,Mobile - Zain,,mobile,false
SAU,58,Mobile - Virgin/Lebara,,mobile,false
SAU,59,Mobile - Zain,,mobile,false
SAU,800,Freephone,,toll-free,false
SAU,900,Premium rate,,premium-rate,false
SAU,920,Shared cost / Unified number,,shared-cost,false
SAU,9200,Unified business number,,shared-cost,false
ARE,2,Abu Dhabi,Abu Dhabi,geographic,true
ARE,3,Al Ain,Abu Dhabi,geographic,true
ARE,4,Dubai,Dubai,geographic,true
ARE,6,Sharjah/Ajman/Umm Al Quwain,Sharjah,geographic,true
ARE,7,Ras Al Khaimah,Ras Al Khaimah,geographic,true
ARE,9,Fujairah,Fujairah,geographic,true
ARE,50,Mobile - Etisalat,,mobile,false
ARE,52,Mobile - du,,mobile,false
ARE,54,Mobile - Etisalat,,mobile,false
ARE,55,Mobile - du,,mobile,false
ARE,56,Mobile - Etisalat,,mobile,false
ARE,58,Mobile - du,,mobile,false
ARE,800,Freephone,,toll-free,false
ARE,900,Premium rate,,premium-rate,false
ARE,600,Shared cost,,shared-cost,false
QAT,4,Landline,,geographic,true
QAT,44,Doha landline,,geographic,true
QAT,3,Mobile - Ooredoo,,mobile,false
QAT,5,Mobile - Vodafone,,mobile,false
QAT,6,Mobile - Ooredoo,,mobile,false
QAT,7,Mobile - Vodafone,,mobile,false
QAT,33,Mobile - Ooredoo,,mobile,false
QAT,55,Mobile - Vodafone,,mobile,false
QAT,66,Mobile - Ooredoo,,mobile,false
QAT,77,Mobile - Vodafone,,mobile,false
QAT,800,Freephone,,toll-free,false
QAT,900,Premium rate,,premium-rate,false
BHR,17,Landline,,geographic,true
BHR,13,Landline (business),,geographic,true
BHR,3,Mobile - Various,,mobile,false
BHR,32,Mobile - Zain,,mobile,false
BHR,33,Mobile - Batelco,,mobile,false
BHR,34,Mobile - Batelco,,mobile,false
BHR,35,Mobile - VIVA,,mobile,false
BHR,36,Mobile - Zain,,mobile,false
BHR,37,Mobile - VIVA,,mobile,false
BHR,38,Mobile - Batelco,,mobile,false
BHR,39,Mobile - Various,,mobile,false
BHR,800,Freephone,,toll-free,false
BHR,900,Premium rate,,premium-rate,false
KWT,2,Landline (all regions),,geographic,true
KWT,22,Kuwait City landline,,geographic,true
KWT,23,Ahmadi/Hawalli landline,,geographic,true
KWT,24,Farwaniya/Jahra landline,,geographic,true
KWT,25,Landline,,geographic,true
KWT,5,Mobile - Various,,mobile,false
KWT,50,Mobile - Zain,,mobile,false
KWT,51,Mobile - Ooredoo,,mobile,false
KWT,55,Mobile - Zain (overlay),,mobile,false
KWT,60,Mobile - Zain,,mobile,false
KWT,65,Mobile - Zain,,mobile,false
KWT,66,Mobile - Ooredoo,,mobile,false
KWT,69,Mobile - VIVA,,mobile,false
KWT,94,Mobile - Zain,,mobile,false
KWT,96,Mobile - Zain,,mobile,false
KWT,97,Mobile - Ooredoo,,mobile,false
KWT,98,Mobile - Various,,mobile,false
KWT,99,Mobile - VIVA,,mobile,false
KWT,800,Freephone,,toll-free,false
OMN,2,Landline (all regions),,geographic,true
OMN,22,Muscat landline,,geographic,true
OMN,23,Muscat/Batinah,,geographic,true
OMN,24,Muscat,,geographic,true
OMN,25,Dhofar/Salalah,,geographic,true
OMN,26,Sharqiyah,,geographic,true
OMN,27,Dakhliyah/Nizwa,,geographic,true
OMN,7,Mobile - Various,,mobile,false
OMN,71,Mobile - Omantel,,mobile,false
OMN,72,Mobile - Ooredoo,,mobile,false
OMN,77,Mobile - Omantel (overlay),,mobile,false
OMN,78,Mobile - Ooredoo (overlay),,mobile,false
OMN,79,Mobile - Various,,mobile,false
OMN,9,Mobile - Various,,mobile,false
OMN,90,Mobile - Omantel,,mobile,false
OMN,91,Mobile - Omantel,,mobile,false
OMN,92,Mobile - Ooredoo,,mobile,false
OMN,93,Mobile - Ooredoo,,mobile,false
OMN,94,Mobile - Omantel,,mobile,false
OMN,95,Mobile - Ooredoo,,mobile,false
OMN,96,Mobile - Omantel,,mobile,false
OMN,97,Mobile - Ooredoo,,mobile,false
OMN,99,Mobile - Omantel,,mobile,false
OMN,800,Freephone,,toll-free,false
YEM,1,Sanaa,Sanaa,geographic,true
YEM,2,Aden,Aden,geographic,true
YEM,3,Hodeidah,Hodeidah,geographic,true
YEM,4,Taiz,Taiz,geographic,true
YEM,5,Ibb,Ibb,geographic,true
YEM,6,Mukalla/Hadhramaut,Hadhramaut,geographic,true
YEM,7,Dhamar,Dhamar,geographic,true
YEM,70,Mobile - Yemen Mobile,,mobile,false
YEM,71,Mobile - MTN,,mobile,false
YEM,73,Mobile - Yemen Mobile,,mobile,false
YEM,77,Mobile - Y Telecom,,mobile,false
YEM,78,Mobile - Unitel,,mobile,false
YEM,800,Freephone,,toll-free,false
IRQ,1,Baghdad,Baghdad,geographic,true
IRQ,21,Diyala/Baqubah,Diyala,geographic,true
IRQ,23,Diwaniya,Qadisiyyah,geographic,true
IRQ,24,Hilla/Babil,Babil,geographic,true
IRQ,25,Karbala,Karbala,geographic,true
IRQ,30,Kirkuk,Kirkuk,geographic,true
IRQ,31,Arbil/Erbil,Kurdistan,geographic,true
IRQ,32,Tikrit/Salahaddin,Salahaddin,geographic,true
IRQ,33,Basra,Basra,geographic,true
IRQ,36,Kut/Wasit,Wasit,geographic,true
IRQ,37,Samarra,Salahaddin,geographic,true
IRQ,40,Mosul/Ninawa,Ninawa,geographic,true
IRQ,42,Najaf,Najaf,geographic,true
IRQ,43,Nasiriyah/Dhi Qar,Dhi Qar,geographic,true
IRQ,50,Sulaymaniyah,Kurdistan,geographic,true
IRQ,53,Amarah/Maysan,Maysan,geographic,true
IRQ,60,Ramadi/Anbar,Anbar,geographic,true
IRQ,62,Duhok,Kurdistan,geographic,true
IRQ,66,Erbil (overlay),Kurdistan,geographic,true
IRQ,750,Mobile - Korek,,mobile,false
IRQ,751,Mobile - Korek,,mobile,false
IRQ,770,Mobile - Asiacell,,mobile,false
IRQ,771,Mobile - Asiacell,,mobile,false
IRQ,772,Mobile - Asiacell,,mobile,false
IRQ,773,Mobile - Zain,,mobile,false
IRQ,780,Mobile - Zain,,mobile,false
IRQ,781,Mobile - Zain,,mobile,false
IRQ,782,Mobile - Zain,,mobile,false
IRQ,783,Mobile - Zain,,mobile,false
IRQ,784,Mobile - Zain,,mobile,false
IRQ,785,Mobile - Korek,,mobile,false
IRQ,790,Mobile - Various,,mobile,false
IRQ,800,Freephone,,toll-free,false
IRN,21,Tehran,Tehran,geographic,true
IRN,24,Zanjan,Zanjan,geographic,true
IRN,25,Qom,Qom,geographic,true
IRN,26,Alborz/Karaj,Alborz,geographic,true
IRN,28,Qazvin,Qazvin,geographic,true
IRN,31,Isfahan,Isfahan,geographic,true
IRN,34,Kerman,Kerman,geographic,true
IRN,35,Yazd,Yazd,geographic,true
IRN,38,Chaharmahal/Bakhtiari,Chaharmahal,geographic,true
IRN,41,East Azerbaijan/Tabriz,East Azerbaijan,geographic,true
IRN,44,West Azerbaijan/Urmia,West Azerbaijan,geographic,true
IRN,45,Ardabil,Ardabil,geographic,true
IRN,51,Khorasan Razavi/Mashhad,Khorasan Razavi,geographic,true
IRN,54,Sistan-Baluchestan/Zahedan,Sistan-Baluchestan,geographic,true
IRN,56,South Khorasan/Birjand,South Khorasan,geographic,true
IRN,58,North Khorasan/Bojnurd,North Khorasan,geographic,true
IRN,61,Khuzestan/Ahvaz,Khuzestan,geographic,true
IRN,66,Lorestan/Khorramabad,Lorestan,geographic,true
IRN,71,Fars/Shiraz,Fars,geographic,true
IRN,74,Kohgiluyeh/Yasouj,Kohgiluyeh,geographic,true
IRN,76,Hormozgan/Bandar Abbas,Hormozgan,geographic,true
IRN,77,Bushehr,Bushehr,geographic,true
IRN,81,Hamadan,Hamadan,geographic,true
IRN,83,Kermanshah,Kermanshah,geographic,true
IRN,84,Ilam,Ilam,geographic,true
IRN,86,Markazi/Arak,Markazi,geographic,true
IRN,87,Kurdistan/Sanandaj,Kurdistan,geographic,true
IRN,11,Gilan/Rasht,Gilan,geographic,true
IRN,13,Mazandaran/Sari,Mazandaran,geographic,true
IRN,15,Golestan/Gorgan,Golestan,geographic,true
IRN,17,Semnan,Semnan,geographic,true
IRN,23,Hormozgan (overlay),Hormozgan,geographic,true
IRN,90,Mobile - Various,,mobile,false
IRN,91,Mobile - MCI (Hamrah Aval),,mobile,false
IRN,92,Mobile - Rightel,,mobile,false
IRN,93,Mobile - Irancell,,mobile,false
IRN,99,Mobile - Various,,mobile,false
IRN,901,Mobile - Irancell,,mobile,false
IRN,902,Mobile - Irancell,,mobile,false
IRN,903,Mobile - Irancell,,mobile,false
IRN,910,Mobile - MCI,,mobile,false
IRN,911,Mobile - MCI,,mobile,false
IRN,912,Mobile - MCI,,mobile,false
IRN,913,Mobile - MCI,,mobile,false
IRN,914,Mobile - MCI,,mobile,false
IRN,915,Mobile - MCI,,mobile,false
IRN,916,Mobile - MCI,,mobile,false
IRN,917,Mobile - MCI,,mobile,false
IRN,918,Mobile - MCI,,mobile,false
IRN,919,Mobile - MCI,,mobile,false
IRN,920,Mobile - Rightel,,mobile,false
IRN,921,Mobile - Rightel,,mobile,false
IRN,922,Mobile - Rightel,,mobile,false
IRN,930,Mobile - Irancell,,mobile,false
IRN,933,Mobile - Irancell,,mobile,false
IRN,935,Mobile - Irancell,,mobile,false
IRN,936,Mobile - Irancell,,mobile,false
IRN,937,Mobile - Irancell,,mobile,false
IRN,938,Mobile - Irancell,,mobile,false
IRN,939,Mobile - Irancell,,mobile,false
IRN,990,Mobile - MCI,,mobile,false
IRN,991,Mobile - MCI,,mobile,false
IRN,800,Freephone,,toll-free,false
IRN,900,Premium rate,,premium-rate,false
ISR,2,Jerusalem,Jerusalem District,geographic,true
ISR,3,Tel Aviv,Tel Aviv District,geographic,true
ISR,4,Haifa/Northern Israel,Haifa/Northern,geographic,true
ISR,8,Southern Israel/Beer Sheva,Southern,geographic,true
ISR,9,Sharon/Central Israel,Central,geographic,true
ISR,50,Mobile - Pelephone,,mobile,false
ISR,52,Mobile - Cellcom,,mobile,false
ISR,53,Mobile - Hot Mobile,,mobile,false
ISR,54,Mobile - Partner/Orange,,mobile,false
ISR,55,Mobile - Rami Levy,,mobile,false
ISR,56,Mobile - Various,,mobile,false
ISR,58,Mobile - Golan Telecom,,mobile,false
ISR,72,VoIP,,voip,false
ISR,77,VoIP,,voip,false
ISR,1800,Freephone,,toll-free,false
ISR,1700,Shared cost,,shared-cost,false
ISR,1900,Premium rate,,premium-rate,false
ISR,*,Short codes (various services),,special,false
PSE,2,West Bank - Ramallah/Nablus/Hebron,West Bank,geographic,true
PSE,4,Gaza Strip - Rafah/Khan Younis,Gaza,geographic,true
PSE,8,Gaza City,Gaza,geographic,true
PSE,9,West Bank - Jenin/Tulkarem,West Bank,geographic,true
PSE,56,Mobile - Jawwal,,mobile,false
PSE,59,Mobile - Ooredoo Palestine,,mobile,false
PSE,800,Freephone,,toll-free,false
JOR,2,Amman,Amman,geographic,true
JOR,3,Irbid/Northern Jordan,Northern,geographic,true
JOR,5,Zarqa/Eastern Jordan,Central,geographic,true
JOR,6,Amman (overlay),Amman,geographic,true
JOR,7,Southern Jordan (Aqaba/Karak/Tafilah),Southern,geographic,true
JOR,77,Mobile - Zain,,mobile,false
JOR,78,Mobile - Umniah,,mobile,false
JOR,79,Mobile - Orange,,mobile,false
JOR,800,Freephone,,toll-free,false
JOR,900,Premium rate,,premium-rate,false
JOR,70,Personal numbering,,personal,false
LBN,1,Beirut,Beirut,geographic,true
LBN,3,Mobile prefix area,,geographic,true
LBN,4,Mount Lebanon/Jounieh,Mount Lebanon,geographic,true
LBN,5,Sidon/South Lebanon,South,geographic,true
LBN,6,Zahle/Bekaa Valley,Bekaa,geographic,true
LBN,7,Tripoli/North Lebanon,North,geographic,true
LBN,8,Baalbek/Hermel,Baalbek-Hermel,geographic,true
LBN,9,Aley/Chouf/Mount Lebanon,Mount Lebanon,geographic,true
LBN,70,Mobile - Alfa,,mobile,false
LBN,71,Mobile - Alfa/Touch,,mobile,false
LBN,76,Mobile - Touch,,mobile,false
LBN,78,Mobile - Touch,,mobile,false
LBN,79,Mobile - Alfa,,mobile,false
LBN,81,Mobile - Alfa,,mobile,false
LBN,800,Freephone,,toll-free,false
LBN,900,Premium rate,,premium-rate,false
SYR,11,Damascus,Damascus,geographic,true
SYR,12,Damascus countryside,Rif Dimashq,geographic,true
SYR,13,Sweida,Sweida,geographic,true
SYR,14,Quneitra,Quneitra,geographic,true
SYR,15,Daraa,Daraa,geographic,true
SYR,21,Aleppo,Aleppo,geographic,true
SYR,22,Raqqa,Raqqa,geographic,true
SYR,23,Deir ez-Zor,Deir ez-Zor,geographic,true
SYR,25,Hasaka,Al-Hasakah,geographic,true
SYR,31,Homs,Homs,geographic,true
SYR,33,Hama,Hama,geographic,true
SYR,41,Latakia,Latakia,geographic,true
SYR,43,Tartous,Tartous,geographic,true
SYR,51,Idlib,Idlib,geographic,true
SYR,93,Mobile - Syriatel,,mobile,false
SYR,94,Mobile - MTN Syria,,mobile,false
SYR,95,Mobile - Various,,mobile,false
SYR,96,Mobile - Syriatel,,mobile,false
SYR,98,Mobile - MTN Syria,,mobile,false
SYR,99,Mobile - Various,,mobile,false
SYR,800,Freephone,,toll-free,false
TUR,212,Istanbul (European side),Istanbul,geographic,true
TUR,216,Istanbul (Asian side),Istanbul,geographic,true
TUR,222,Eskisehir,Eskisehir,geographic,true
TUR,224,Bursa,Bursa,geographic,true
TUR,226,Yalova,Yalova,geographic,true
TUR,228,Bilecik,Bilecik,geographic,true
TUR,232,Izmir,Izmir,geographic,true
TUR,236,Manisa,Manisa,geographic,true
TUR,242,Antalya,Antalya,geographic,true
TUR,246,Isparta,Isparta,geographic,true
TUR,248,Burdur,Burdur,geographic,true
TUR,252,Mugla,Mugla,geographic,true
TUR,256,Aydin,Aydin,geographic,true
TUR,258,Denizli,Denizli,geographic,true
TUR,262,Kocaeli/Izmit,Kocaeli,geographic,true
TUR,264,Sakarya,Sakarya,geographic,true
TUR,266,Balikesir,Balikesir,geographic,true
TUR,272,Afyon,Afyonkarahisar,geographic,true
TUR,274,Kutahya,Kutahya,geographic,true
TUR,276,Usak,Usak,geographic,true
TUR,282,Edirne/Tekirdag/Kirklareli,Edirne,geographic,true
TUR,284,Edirne (overlay),Edirne,geographic,true
TUR,286,Canakkale,Canakkale,geographic,true
TUR,288,Kirklareli,Kirklareli,geographic,true
TUR,312,Ankara,Ankara,geographic,true
TUR,318,Kirikkale,Kirikkale,geographic,true
TUR,322,Adana,Adana,geographic,true
TUR,324,Mersin/Icel,Mersin,geographic,true
TUR,326,Hatay/Antakya,Hatay,geographic,true
TUR,328,Osmaniye,Osmaniye,geographic,true
TUR,332,Konya,Konya,geographic,true
TUR,338,Karaman,Karaman,geographic,true
TUR,342,Gaziantep,Gaziantep,geographic,true
TUR,344,Kahramanmaras,Kahramanmaras,geographic,true
TUR,346,Sivas,Sivas,geographic,true
TUR,348,Kilis,Kilis,geographic,true
TUR,352,Kayseri,Kayseri,geographic,true
TUR,354,Yozgat,Yozgat,geographic,true
TUR,356,Tokat,Tokat,geographic,true
TUR,358,Amasya,Amasya,geographic,true
TUR,362,Samsun,Samsun,geographic,true
TUR,364,Corum,Corum,geographic,true
TUR,366,Kastamonu,Kastamonu,geographic,true
TUR,368,Sinop,Sinop,geographic,true
TUR,370,Karabuk,Karabuk,geographic,true
TUR,372,Zonguldak/Bolu,Zonguldak,geographic,true
TUR,374,Bolu,Bolu,geographic,true
TUR,376,Cankiri,Cankiri,geographic,true
TUR,378,Bartin,Bartin,geographic,true
TUR,380,Duzce,Duzce,geographic,true
TUR,382,Aksaray,Aksaray,geographic,true
TUR,384,Nevsehir,Nevsehir,geographic,true
TUR,386,Kirsehir,Kirsehir,geographic,true
TUR,388,Nigde,Nigde,geographic,true
TUR,392,North Cyprus / Lefkosa,TRNC,geographic,true
TUR,412,Diyarbakir,Diyarbakir,geographic,true
TUR,414,Sanliurfa,Sanliurfa,geographic,true
TUR,416,Adiyaman,Adiyaman,geographic,true
TUR,422,Malatya,Malatya,geographic,true
TUR,424,Elazig,Elazig,geographic,true
TUR,426,Bingol,Bingol,geographic,true
TUR,428,Tunceli,Tunceli,geographic,true
TUR,432,Van,Van,geographic,true
TUR,434,Bitlis,Bitlis,geographic,true
TUR,436,Mus,Mus,geographic,true
TUR,438,Hakkari,Hakkari,geographic,true
TUR,442,Erzurum,Erzurum,geographic,true
TUR,446,Erzincan,Erzincan,geographic,true
TUR,452,Ordu,Ordu,geographic,true
TUR,454,Giresun,Giresun,geographic,true
TUR,456,Gumushane,Gumushane,geographic,true
TUR,458,Bayburt,Bayburt,geographic,true
TUR,462,Trabzon,Trabzon,geographic,true
TUR,464,Rize,Rize,geographic,true
TUR,466,Artvin,Artvin,geographic,true
TUR,472,Agri,Agri,geographic,true
TUR,474,Kars,Kars,geographic,true
TUR,476,Igdir,Igdir,geographic,true
TUR,478,Ardahan,Ardahan,geographic,true
TUR,482,Sirnak,Sirnak,geographic,true
TUR,484,Siirt,Siirt,geographic,true
TUR,486,Batman,Batman,geographic,true
TUR,488,Mardin,Mardin,geographic,true
TUR,501,Mobile - Various MVNO,,mobile,false
TUR,505,Mobile - Turkcell,,mobile,false
TUR,506,Mobile - Vodafone,,mobile,false
TUR,507,Mobile - Vodafone,,mobile,false
TUR,530,Mobile - Turkcell,,mobile,false
TUR,531,Mobile - Turkcell,,mobile,false
TUR,532,Mobile - Turkcell,,mobile,false
TUR,533,Mobile - Turkcell,,mobile,false
TUR,534,Mobile - Turkcell,,mobile,false
TUR,535,Mobile - Turkcell,,mobile,false
TUR,536,Mobile - Vodafone,,mobile,false
TUR,537,Mobile - Vodafone,,mobile,false
TUR,538,Mobile - Vodafone,,mobile,false
TUR,539,Mobile - Vodafone,,mobile,false
TUR,540,Mobile - Turk Telekom,,mobile,false
TUR,541,Mobile - Turk Telekom,,mobile,false
TUR,542,Mobile - Turk Telekom,,mobile,false
TUR,543,Mobile - Turk Telekom,,mobile,false
TUR,544,Mobile - Turk Telekom,,mobile,false
TUR,545,Mobile - Turk Telekom,,mobile,false
TUR,546,Mobile - Turk Telekom,,mobile,false
TUR,547,Mobile - Turk Telekom,,mobile,false
TUR,548,Mobile - Turk Telekom,,mobile,false
TUR,549,Mobile - Turk Telekom,,mobile,false
TUR,551,Mobile - Turkcell,,mobile,false
TUR,552,Mobile - Turkcell,,mobile,false
TUR,553,Mobile - Turkcell,,mobile,false
TUR,554,Mobile - Turkcell,,mobile,false
TUR,555,Mobile - Turkcell,,mobile,false
TUR,559,Mobile - Turkcell,,mobile,false
TUR,800,Freephone,,toll-free,false
TUR,900,Premium rate,,premium-rate,false
TUR,444,Shared cost (national),,shared-cost,false
TUR,850,VoIP/Non-geographic,,voip,false
CYP,22,Nicosia,Nicosia,geographic,true
CYP,23,Famagusta/Larnaca,Famagusta,geographic,true
CYP,24,Larnaca,Larnaca,geographic,true
CYP,25,Limassol,Limassol,geographic,true
CYP,26,Paphos,Paphos,geographic,true
CYP,94,Mobile - MTN,,mobile,false
CYP,95,Mobile - Primetel,,mobile,false
CYP,96,Mobile - Cyta,,mobile,false
CYP,97,Mobile - Epic,,mobile,false
CYP,99,Mobile - Cyta,,mobile,false
CYP,800,Freephone,,toll-free,false
CYP,900,Premium rate,,premium-rate,false
AFG,20,Kabul,Kabul,geographic,true
AFG,21,Parwan/Kapisa,Parwan,geographic,true
AFG,22,Wardak/Logar,Wardak,geographic,true
AFG,23,Ghazni,Ghazni,geographic,true
AFG,25,Paktia/Paktika/Khost,Paktia,geographic,true
AFG,30,Kandahar,Kandahar,geographic,true
AFG,32,Helmand/Nimroz,Helmand,geographic,true
AFG,33,Zabul/Uruzgan,Zabul,geographic,true
AFG,34,Herat,Herat,geographic,true
AFG,40,Balkh/Mazar-i-Sharif,Balkh,geographic,true
AFG,41,Jowzjan/Sari Pul/Faryab,Jowzjan,geographic,true
AFG,42,Samangan/Baghlan,Samangan,geographic,true
AFG,50,Kunduz/Takhar/Badakhshan,Kunduz,geographic,true
AFG,51,Takhar,Takhar,geographic,true
AFG,60,Nangarhar/Jalalabad,Nangarhar,geographic,true
AFG,61,Laghman/Nuristan,Laghman,geographic,true
AFG,70,Bamyan/Daykundi,Bamyan,geographic,true
AFG,71,Mobile - Roshan,,mobile,false
AFG,72,Mobile - Roshan,,mobile,false
AFG,73,Mobile - Etisalat,,mobile,false
AFG,74,Mobile - MTN,,mobile,false
AFG,75,Mobile - Etisalat,,mobile,false
AFG,76,Mobile - MTN,,mobile,false
AFG,77,Mobile - AWCC,,mobile,false
AFG,78,Mobile - Etisalat,,mobile,false
AFG,79,Mobile - Roshan,,mobile,false
AFG,800,Freephone,,toll-free,false
ASM,684,American Samoa,American Samoa,geographic,true
AIA,264,Anguilla,Anguilla,geographic,true
ATG,268,Antigua and Barbuda,Antigua and Barbuda,geographic,true
BHS,242,Bahamas,Bahamas,geographic,true
BRB,246,Barbados,Barbados,geographic,true
BMU,441,Bermuda,Bermuda,geographic,true
VGB,284,British Virgin Islands,British Virgin Islands,geographic,true
CYM,345,Cayman Islands,Cayman Islands,geographic,true
DMA,767,Dominica,Dominica,geographic,true
DOM,809,Dominican Republic,Dominican RepublicZ,geographic,true
GRD,473,Grenada,Grenada,geographic,true
GUM,671,Guam,Guam,geographic,true
JAM,876,Jamaica,Jamaica,geographic,true
MSR,664,Montserrat,Montserrat,geographic,true
MNP,670,Northern Mariana Islands,Northern Mariana Islands,geographic,true
PRI,787,Puerto Rico,Puerto Rico,geographic,true
KNA,869,Saint Kitts and Nevis,Saint Kitts and Nevis,geographic,true
LCA,758,Saint Lucia,Saint Lucia,geographic,true
VCT,784,Saint Vincent and the Grenadines,Saint Vincent and the Grenadines,geographic,true
SXM,721,Sint Maarten,Sint Maarten,geographic,true
TTO,868,Trinidad and Tobago,Trinidad and Tobago,geographic,true
TCA,649,Turks and Caicos Islands,Turks and Caicos Islands,geographic,true
VIR,340,U.S. Virgin Islands,U.S. Virgin Islands,geographic,true
GGY,1481,Guernsey,Guernsey,geographic,true
IMN,1624,Isle of Man,Isle of Man,geographic,true
JEY,1534,Jersey,Jersey,geographic,true
NFK,3,Norfold Island,Norfold Island,geographic,true
